commodity,scenario,severity,month_offset,month,p2.5,p10,p25,p50,p75,p90,p95,p97.5
cotton,baseline,0.0,1,2026-01,1.4528011434221042,1.542210439726265,1.5910437328667695,1.634782511918274,1.6828147458192584,1.7226438298542548,1.7610315946062183,1.8026950841140277
cotton,baseline,0.0,2,2026-02,1.4137688575903335,1.5009970010175093,1.5722314748923902,1.6381111634126548,1.7073464426338545,1.7788499012266563,1.8256184751133786,1.8718143826175624
cotton,baseline,0.0,3,2026-03,1.365985969466879,1.4732094125622879,1.5583474701086102,1.6420856690234766,1.7301694914325256,1.815934844471899,1.8714991863908286,1.9284663183840576
cotton,baseline,0.0,4,2026-04,1.3287069793116153,1.4508946808378942,1.546308089541448,1.6443797385326506,1.7479704005160275,1.8496191348173139,1.916137263195115,1.9761410897285947
cotton,baseline,0.0,5,2026-05,1.3044555525618093,1.429830152846697,1.5359464228757584,1.6487025585543562,1.7611837957400542,1.8780019711088975,1.9561282262040443,2.0262138587092537
cotton,baseline,0.0,6,2026-06,1.2846387883668027,1.414577020861726,1.5264320928889201,1.6529581645473848,1.779004163026498,1.9090472227507875,1.991696696909274,2.0642086984547507
cotton,baseline,0.0,7,2026-07,1.258466445063052,1.397114299026488,1.5182045425194812,1.6524961696055553,1.7948955964972697,1.9337270052675795,2.0249305889585396,2.0969227494732734
cotton,baseline,0.0,8,2026-08,1.2398812842866265,1.379357500556515,1.5112934518676242,1.6565715975015087,1.8078984429091653,1.9580366512326683,2.0563261838259383,2.1439528509910915
cotton,baseline,0.0,9,2026-09,1.2214553359330758,1.367459141419851,1.5056950769639146,1.662443796752192,1.8236955259321719,1.9831122092345435,2.0871337325982746,2.1872866482531426
cotton,baseline,0.0,10,2026-10,1.213346303861375,1.3620756601466608,1.4999523332809153,1.6622305775815909,1.8339210080143937,2.008686917213735,2.118824697570706,2.2203156548230165
cotton,baseline,0.0,11,2026-11,1.193438895045249,1.3466159992902524,1.4963632860093972,1.6638349025062151,1.8462198773447516,2.0276947390548927,2.1395016571261047,2.2581263653892614
cotton,baseline,0.0,12,2026-12,1.1746897770475944,1.3317241298109055,1.4873431532393377,1.667257284469629,1.858492695337202,2.0554767422693296,2.183424371880099,2.2955367456179356
cotton,baseline,0.25,1,2026-01,1.4528011434221042,1.542210439726265,1.5910437328667695,1.634782511918274,1.6828147458192584,1.7226438298542548,1.7610315946062183,1.8026950841140277
cotton,baseline,0.25,2,2026-02,1.4137688575903335,1.5009970010175093,1.5722314748923902,1.6381111634126548,1.7073464426338545,1.7788499012266563,1.8256184751133786,1.8718143826175624
cotton,baseline,0.25,3,2026-03,1.365985969466879,1.4732094125622879,1.5583474701086102,1.6420856690234766,1.7301694914325256,1.815934844471899,1.8714991863908286,1.9284663183840576
cotton,baseline,0.25,4,2026-04,1.3287069793116153,1.4508946808378942,1.546308089541448,1.6443797385326506,1.7479704005160275,1.8496191348173139,1.916137263195115,1.9761410897285947
cotton,baseline,0.25,5,2026-05,1.3044555525618093,1.429830152846697,1.5359464228757584,1.6487025585543562,1.7611837957400542,1.8780019711088975,1.9561282262040443,2.0262138587092537
cotton,baseline,0.25,6,2026-06,1.2846387883668027,1.414577020861726,1.5264320928889201,1.6529581645473848,1.779004163026498,1.9090472227507875,1.991696696909274,2.0642086984547507
cotton,baseline,0.25,7,2026-07,1.258466445063052,1.397114299026488,1.5182045425194812,1.6524961696055553,1.7948955964972697,1.9337270052675795,2.0249305889585396,2.0969227494732734
cotton,baseline,0.25,8,2026-08,1.2398812842866265,1.379357500556515,1.5112934518676242,1.6565715975015087,1.8078984429091653,1.9580366512326683,2.0563261838259383,2.1439528509910915
cotton,baseline,0.25,9,2026-09,1.2214553359330758,1.367459141419851,1.5056950769639146,1.662443796752192,1.8236955259321719,1.9831122092345435,2.0871337325982746,2.1872866482531426
cotton,baseline,0.25,10,2026-10,1.213346303861375,1.3620756601466608,1.4999523332809153,1.6622305775815909,1.8339210080143937,2.008686917213735,2.118824697570706,2.2203156548230165
cotton,baseline,0.25,11,2026-11,1.193438895045249,1.3466159992902524,1.4963632860093972,1.6638349025062151,1.8462198773447516,2.0276947390548927,2.1395016571261047,2.2581263653892614
cotton,baseline,0.25,12,2026-12,1.1746897770475944,1.3317241298109055,1.4873431532393377,1.667257284469629,1.858492695337202,2.0554767422693296,2.183424371880099,2.2955367456179356
cotton,baseline,0.5,1,2026-01,1.4528011434221042,1.542210439726265,1.5910437328667695,1.634782511918274,1.6828147458192584,1.7226438298542548,1.7610315946062183,1.8026950841140277
cotton,baseline,0.5,2,2026-02,1.4137688575903335,1.5009970010175093,1.5722314748923902,1.6381111634126548,1.7073464426338545,1.7788499012266563,1.8256184751133786,1.8718143826175624
cotton,baseline,0.5,3,2026-03,1.365985969466879,1.4732094125622879,1.5583474701086102,1.6420856690234766,1.7301694914325256,1.815934844471899,1.8714991863908286,1.9284663183840576
cotton,baseline,0.5,4,2026-04,1.3287069793116153,1.4508946808378942,1.546308089541448,1.6443797385326506,1.7479704005160275,1.8496191348173139,1.916137263195115,1.9761410897285947
cotton,baseline,0.5,5,2026-05,1.3044555525618093,1.429830152846697,1.5359464228757584,1.6487025585543562,1.7611837957400542,1.8780019711088975,1.9561282262040443,2.0262138587092537
cotton,baseline,0.5,6,2026-06,1.2846387883668027,1.414577020861726,1.5264320928889201,1.6529581645473848,1.779004163026498,1.9090472227507875,1.991696696909274,2.0642086984547507
cotton,baseline,0.5,7,2026-07,1.258466445063052,1.397114299026488,1.5182045425194812,1.6524961696055553,1.7948955964972697,1.9337270052675795,2.0249305889585396,2.0969227494732734
cotton,baseline,0.5,8,2026-08,1.2398812842866265,1.379357500556515,1.5112934518676242,1.6565715975015087,1.8078984429091653,1.9580366512326683,2.0563261838259383,2.1439528509910915
cotton,baseline,0.5,9,2026-09,1.2214553359330758,1.367459141419851,1.5056950769639146,1.662443796752192,1.8236955259321719,1.9831122092345435,2.0871337325982746,2.1872866482531426
cotton,baseline,0.5,10,2026-10,1.213346303861375,1.3620756601466608,1.4999523332809153,1.6622305775815909,1.8339210080143937,2.008686917213735,2.118824697570706,2.2203156548230165
cotton,baseline,0.5,11,2026-11,1.193438895045249,1.3466159992902524,1.4963632860093972,1.6638349025062151,1.8462198773447516,2.0276947390548927,2.1395016571261047,2.2581263653892614
cotton,baseline,0.5,12,2026-12,1.1746897770475944,1.3317241298109055,1.4873431532393377,1.667257284469629,1.858492695337202,2.0554767422693296,2.183424371880099,2.2955367456179356
cotton,baseline,0.75,1,2026-01,1.4528011434221042,1.542210439726265,1.5910437328667695,1.634782511918274,1.6828147458192584,1.7226438298542548,1.7610315946062183,1.8026950841140277
cotton,baseline,0.75,2,2026-02,1.4137688575903335,1.5009970010175093,1.5722314748923902,1.6381111634126548,1.7073464426338545,1.7788499012266563,1.8256184751133786,1.8718143826175624
cotton,baseline,0.75,3,2026-03,1.365985969466879,1.4732094125622879,1.5583474701086102,1.6420856690234766,1.7301694914325256,1.815934844471899,1.8714991863908286,1.9284663183840576
cotton,baseline,0.75,4,2026-04,1.3287069793116153,1.4508946808378942,1.546308089541448,1.6443797385326506,1.7479704005160275,1.8496191348173139,1.916137263195115,1.9761410897285947
cotton,baseline,0.75,5,2026-05,1.3044555525618093,1.429830152846697,1.5359464228757584,1.6487025585543562,1.7611837957400542,1.8780019711088975,1.9561282262040443,2.0262138587092537
cotton,baseline,0.75,6,2026-06,1.2846387883668027,1.414577020861726,1.5264320928889201,1.6529581645473848,1.779004163026498,1.9090472227507875,1.991696696909274,2.0642086984547507
cotton,baseline,0.75,7,2026-07,1.258466445063052,1.397114299026488,1.5182045425194812,1.6524961696055553,1.7948955964972697,1.9337270052675795,2.0249305889585396,2.0969227494732734
cotton,baseline,0.75,8,2026-08,1.2398812842866265,1.379357500556515,1.5112934518676242,1.6565715975015087,1.8078984429091653,1.9580366512326683,2.0563261838259383,2.1439528509910915
cotton,baseline,0.75,9,2026-09,1.2214553359330758,1.367459141419851,1.5056950769639146,1.662443796752192,1.8236955259321719,1.9831122092345435,2.0871337325982746,2.1872866482531426
cotton,baseline,0.75,10,2026-10,1.213346303861375,1.3620756601466608,1.4999523332809153,1.6622305775815909,1.8339210080143937,2.008686917213735,2.118824697570706,2.2203156548230165
cotton,baseline,0.75,11,2026-11,1.193438895045249,1.3466159992902524,1.4963632860093972,1.6638349025062151,1.8462198773447516,2.0276947390548927,2.1395016571261047,2.2581263653892614
cotton,baseline,0.75,12,2026-12,1.1746897770475944,1.3317241298109055,1.4873431532393377,1.667257284469629,1.858492695337202,2.0554767422693296,2.183424371880099,2.2955367456179356
cotton,baseline,1.0,1,2026-01,1.4528011434221042,1.542210439726265,1.5910437328667695,1.634782511918274,1.6828147458192584,1.7226438298542548,1.7610315946062183,1.8026950841140277
cotton,baseline,1.0,2,2026-02,1.4137688575903335,1.5009970010175093,1.5722314748923902,1.6381111634126548,1.7073464426338545,1.7788499012266563,1.8256184751133786,1.8718143826175624
cotton,baseline,1.0,3,2026-03,1.365985969466879,1.4732094125622879,1.5583474701086102,1.6420856690234766,1.7301694914325256,1.815934844471899,1.8714991863908286,1.9284663183840576
cotton,baseline,1.0,4,2026-04,1.3287069793116153,1.4508946808378942,1.546308089541448,1.6443797385326506,1.7479704005160275,1.8496191348173139,1.916137263195115,1.9761410897285947
cotton,baseline,1.0,5,2026-05,1.3044555525618093,1.429830152846697,1.5359464228757584,1.6487025585543562,1.7611837957400542,1.8780019711088975,1.9561282262040443,2.0262138587092537
cotton,baseline,1.0,6,2026-06,1.2846387883668027,1.414577020861726,1.5264320928889201,1.6529581645473848,1.779004163026498,1.9090472227507875,1.991696696909274,2.0642086984547507
cotton,baseline,1.0,7,2026-07,1.258466445063052,1.397114299026488,1.5182045425194812,1.6524961696055553,1.7948955964972697,1.9337270052675795,2.0249305889585396,2.0969227494732734
cotton,baseline,1.0,8,2026-08,1.2398812842866265,1.379357500556515,1.5112934518676242,1.6565715975015087,1.8078984429091653,1.9580366512326683,2.0563261838259383,2.1439528509910915
cotton,baseline,1.0,9,2026-09,1.2214553359330758,1.367459141419851,1.5056950769639146,1.662443796752192,1.8236955259321719,1.9831122092345435,2.0871337325982746,2.1872866482531426
cotton,baseline,1.0,10,2026-10,1.213346303861375,1.3620756601466608,1.4999523332809153,1.6622305775815909,1.8339210080143937,2.008686917213735,2.118824697570706,2.2203156548230165
cotton,baseline,1.0,11,2026-11,1.193438895045249,1.3466159992902524,1.4963632860093972,1.6638349025062151,1.8462198773447516,2.0276947390548927,2.1395016571261047,2.2581263653892614
cotton,baseline,1.0,12,2026-12,1.1746897770475944,1.3317241298109055,1.4873431532393377,1.667257284469629,1.858492695337202,2.0554767422693296,2.183424371880099,2.2955367456179356
cotton,baseline,1.25,1,2026-01,1.4528011434221042,1.542210439726265,1.5910437328667695,1.634782511918274,1.6828147458192584,1.7226438298542548,1.7610315946062183,1.8026950841140277
cotton,baseline,1.25,2,2026-02,1.4137688575903335,1.5009970010175093,1.5722314748923902,1.6381111634126548,1.7073464426338545,1.7788499012266563,1.8256184751133786,1.8718143826175624
cotton,baseline,1.25,3,2026-03,1.365985969466879,1.4732094125622879,1.5583474701086102,1.6420856690234766,1.7301694914325256,1.815934844471899,1.8714991863908286,1.9284663183840576
cotton,baseline,1.25,4,2026-04,1.3287069793116153,1.4508946808378942,1.546308089541448,1.6443797385326506,1.7479704005160275,1.8496191348173139,1.916137263195115,1.9761410897285947
cotton,baseline,1.25,5,2026-05,1.3044555525618093,1.429830152846697,1.5359464228757584,1.6487025585543562,1.7611837957400542,1.8780019711088975,1.9561282262040443,2.0262138587092537
cotton,baseline,1.25,6,2026-06,1.2846387883668027,1.414577020861726,1.5264320928889201,1.6529581645473848,1.779004163026498,1.9090472227507875,1.991696696909274,2.0642086984547507
cotton,baseline,1.25,7,2026-07,1.258466445063052,1.397114299026488,1.5182045425194812,1.6524961696055553,1.7948955964972697,1.9337270052675795,2.0249305889585396,2.0969227494732734
cotton,baseline,1.25,8,2026-08,1.2398812842866265,1.379357500556515,1.5112934518676242,1.6565715975015087,1.8078984429091653,1.9580366512326683,2.0563261838259383,2.1439528509910915
cotton,baseline,1.25,9,2026-09,1.2214553359330758,1.367459141419851,1.5056950769639146,1.662443796752192,1.8236955259321719,1.9831122092345435,2.0871337325982746,2.1872866482531426
cotton,baseline,1.25,10,2026-10,1.213346303861375,1.3620756601466608,1.4999523332809153,1.6622305775815909,1.8339210080143937,2.008686917213735,2.118824697570706,2.2203156548230165
cotton,baseline,1.25,11,2026-11,1.193438895045249,1.3466159992902524,1.4963632860093972,1.6638349025062151,1.8462198773447516,2.0276947390548927,2.1395016571261047,2.2581263653892614
cotton,baseline,1.25,12,2026-12,1.1746897770475944,1.3317241298109055,1.4873431532393377,1.667257284469629,1.858492695337202,2.0554767422693296,2.183424371880099,2.2955367456179356
cotton,baseline,1.5,1,2026-01,1.4528011434221042,1.542210439726265,1.5910437328667695,1.634782511918274,1.6828147458192584,1.7226438298542548,1.7610315946062183,1.8026950841140277
cotton,baseline,1.5,2,2026-02,1.4137688575903335,1.5009970010175093,1.5722314748923902,1.6381111634126548,1.7073464426338545,1.7788499012266563,1.8256184751133786,1.8718143826175624
cotton,baseline,1.5,3,2026-03,1.365985969466879,1.4732094125622879,1.5583474701086102,1.6420856690234766,1.7301694914325256,1.815934844471899,1.8714991863908286,1.9284663183840576
cotton,baseline,1.5,4,2026-04,1.3287069793116153,1.4508946808378942,1.546308089541448,1.6443797385326506,1.7479704005160275,1.8496191348173139,1.916137263195115,1.9761410897285947
cotton,baseline,1.5,5,2026-05,1.3044555525618093,1.429830152846697,1.5359464228757584,1.6487025585543562,1.7611837957400542,1.8780019711088975,1.9561282262040443,2.0262138587092537
cotton,baseline,1.5,6,2026-06,1.2846387883668027,1.414577020861726,1.5264320928889201,1.6529581645473848,1.779004163026498,1.9090472227507875,1.991696696909274,2.0642086984547507
cotton,baseline,1.5,7,2026-07,1.258466445063052,1.397114299026488,1.5182045425194812,1.6524961696055553,1.7948955964972697,1.9337270052675795,2.0249305889585396,2.0969227494732734
cotton,baseline,1.5,8,2026-08,1.2398812842866265,1.379357500556515,1.5112934518676242,1.6565715975015087,1.8078984429091653,1.9580366512326683,2.0563261838259383,2.1439528509910915
cotton,baseline,1.5,9,2026-09,1.2214553359330758,1.367459141419851,1.5056950769639146,1.662443796752192,1.8236955259321719,1.9831122092345435,2.0871337325982746,2.1872866482531426
cotton,baseline,1.5,10,2026-10,1.213346303861375,1.3620756601466608,1.4999523332809153,1.6622305775815909,1.8339210080143937,2.008686917213735,2.118824697570706,2.2203156548230165
cotton,baseline,1.5,11,2026-11,1.193438895045249,1.3466159992902524,1.4963632860093972,1.6638349025062151,1.8462198773447516,2.0276947390548927,2.1395016571261047,2.2581263653892614
cotton,baseline,1.5,12,2026-12,1.1746897770475944,1.3317241298109055,1.4873431532393377,1.667257284469629,1.858492695337202,2.0554767422693296,2.183424371880099,2.2955367456179356
cotton,baseline,1.75,1,2026-01,1.4528011434221042,1.542210439726265,1.5910437328667695,1.634782511918274,1.6828147458192584,1.7226438298542548,1.7610315946062183,1.8026950841140277
cotton,baseline,1.75,2,2026-02,1.4137688575903335,1.5009970010175093,1.5722314748923902,1.6381111634126548,1.7073464426338545,1.7788499012266563,1.8256184751133786,1.8718143826175624
cotton,baseline,1.75,3,2026-03,1.365985969466879,1.4732094125622879,1.5583474701086102,1.6420856690234766,1.7301694914325256,1.815934844471899,1.8714991863908286,1.9284663183840576
cotton,baseline,1.75,4,2026-04,1.3287069793116153,1.4508946808378942,1.546308089541448,1.6443797385326506,1.7479704005160275,1.8496191348173139,1.916137263195115,1.9761410897285947
cotton,baseline,1.75,5,2026-05,1.3044555525618093,1.429830152846697,1.5359464228757584,1.6487025585543562,1.7611837957400542,1.8780019711088975,1.9561282262040443,2.0262138587092537
cotton,baseline,1.75,6,2026-06,1.2846387883668027,1.414577020861726,1.5264320928889201,1.6529581645473848,1.779004163026498,1.9090472227507875,1.991696696909274,2.0642086984547507
cotton,baseline,1.75,7,2026-07,1.258466445063052,1.397114299026488,1.5182045425194812,1.6524961696055553,1.7948955964972697,1.9337270052675795,2.0249305889585396,2.0969227494732734
cotton,baseline,1.75,8,2026-08,1.2398812842866265,1.379357500556515,1.5112934518676242,1.6565715975015087,1.8078984429091653,1.9580366512326683,2.0563261838259383,2.1439528509910915
cotton,baseline,1.75,9,2026-09,1.2214553359330758,1.367459141419851,1.5056950769639146,1.662443796752192,1.8236955259321719,1.9831122092345435,2.0871337325982746,2.1872866482531426
cotton,baseline,1.75,10,2026-10,1.213346303861375,1.3620756601466608,1.4999523332809153,1.6622305775815909,1.8339210080143937,2.008686917213735,2.118824697570706,2.2203156548230165
cotton,baseline,1.75,11,2026-11,1.193438895045249,1.3466159992902524,1.4963632860093972,1.6638349025062151,1.8462198773447516,2.0276947390548927,2.1395016571261047,2.2581263653892614
cotton,baseline,1.75,12,2026-12,1.1746897770475944,1.3317241298109055,1.4873431532393377,1.667257284469629,1.858492695337202,2.0554767422693296,2.183424371880099,2.2955367456179356
cotton,baseline,2.0,1,2026-01,1.4528011434221042,1.542210439726265,1.5910437328667695,1.634782511918274,1.6828147458192584,1.7226438298542548,1.7610315946062183,1.8026950841140277
cotton,baseline,2.0,2,2026-02,1.4137688575903335,1.5009970010175093,1.5722314748923902,1.6381111634126548,1.7073464426338545,1.7788499012266563,1.8256184751133786,1.8718143826175624
cotton,baseline,2.0,3,2026-03,1.365985969466879,1.4732094125622879,1.5583474701086102,1.6420856690234766,1.7301694914325256,1.815934844471899,1.8714991863908286,1.9284663183840576
cotton,baseline,2.0,4,2026-04,1.3287069793116153,1.4508946808378942,1.546308089541448,1.6443797385326506,1.7479704005160275,1.8496191348173139,1.916137263195115,1.9761410897285947
cotton,baseline,2.0,5,2026-05,1.3044555525618093,1.429830152846697,1.5359464228757584,1.6487025585543562,1.7611837957400542,1.8780019711088975,1.9561282262040443,2.0262138587092537
cotton,baseline,2.0,6,2026-06,1.2846387883668027,1.414577020861726,1.5264320928889201,1.6529581645473848,1.779004163026498,1.9090472227507875,1.991696696909274,2.0642086984547507
cotton,baseline,2.0,7,2026-07,1.258466445063052,1.397114299026488,1.5182045425194812,1.6524961696055553,1.7948955964972697,1.9337270052675795,2.0249305889585396,2.0969227494732734
cotton,baseline,2.0,8,2026-08,1.2398812842866265,1.379357500556515,1.5112934518676242,1.6565715975015087,1.8078984429091653,1.9580366512326683,2.0563261838259383,2.1439528509910915
cotton,baseline,2.0,9,2026-09,1.2214553359330758,1.367459141419851,1.5056950769639146,1.662443796752192,1.8236955259321719,1.9831122092345435,2.0871337325982746,2.1872866482531426
cotton,baseline,2.0,10,2026-10,1.213346303861375,1.3620756601466608,1.4999523332809153,1.6622305775815909,1.8339210080143937,2.008686917213735,2.118824697570706,2.2203156548230165
cotton,baseline,2.0,11,2026-11,1.193438895045249,1.3466159992902524,1.4963632860093972,1.6638349025062151,1.8462198773447516,2.0276947390548927,2.1395016571261047,2.2581263653892614
cotton,baseline,2.0,12,2026-12,1.1746897770475944,1.3317241298109055,1.4873431532393377,1.667257284469629,1.858492695337202,2.0554767422693296,2.183424371880099,2.2955367456179356
cotton,el_nino,0.0,1,2026-01,1.4528011434221042,1.542210439726265,1.5910437328667695,1.634782511918274,1.6828147458192584,1.7226438298542548,1.7610315946062183,1.8026950841140277
cotton,el_nino,0.0,2,2026-02,1.4137688575903335,1.5009970010175093,1.5722314748923902,1.6381111634126548,1.7073464426338545,1.7788499012266563,1.8256184751133786,1.8718143826175624
cotton,el_nino,0.0,3,2026-03,1.365985969466879,1.4732094125622879,1.5583474701086102,1.6420856690234766,1.7301694914325256,1.815934844471899,1.8714991863908286,1.9284663183840576
cotton,el_nino,0.0,4,2026-04,1.3287069793116153,1.4508946808378942,1.546308089541448,1.6443797385326506,1.7479704005160275,1.8496191348173139,1.916137263195115,1.9761410897285947
cotton,el_nino,0.0,5,2026-05,1.3044555525618093,1.429830152846697,1.5359464228757584,1.6487025585543562,1.7611837957400542,1.8780019711088975,1.9561282262040443,2.0262138587092537
cotton,el_nino,0.0,6,2026-06,1.2846387883668027,1.414577020861726,1.5264320928889201,1.6529581645473848,1.779004163026498,1.9090472227507875,1.991696696909274,2.0642086984547507
cotton,el_nino,0.0,7,2026-07,1.258466445063052,1.397114299026488,1.5182045425194812,1.6524961696055553,1.7948955964972697,1.9337270052675795,2.0249305889585396,2.0969227494732734
cotton,el_nino,0.0,8,2026-08,1.2398812842866265,1.379357500556515,1.5112934518676242,1.6565715975015087,1.8078984429091653,1.9580366512326683,2.0563261838259383,2.1439528509910915
cotton,el_nino,0.0,9,2026-09,1.2214553359330758,1.367459141419851,1.5056950769639146,1.662443796752192,1.8236955259321719,1.9831122092345435,2.0871337325982746,2.1872866482531426
cotton,el_nino,0.0,10,2026-10,1.213346303861375,1.3620756601466608,1.4999523332809153,1.6622305775815909,1.8339210080143937,2.008686917213735,2.118824697570706,2.2203156548230165
cotton,el_nino,0.0,11,2026-11,1.193438895045249,1.3466159992902524,1.4963632860093972,1.6638349025062151,1.8462198773447516,2.0276947390548927,2.1395016571261047,2.2581263653892614
cotton,el_nino,0.0,12,2026-12,1.1746897770475944,1.3317241298109055,1.4873431532393377,1.667257284469629,1.858492695337202,2.0554767422693296,2.183424371880099,2.2955367456179356
cotton,el_nino,0.25,1,2026-01,1.4491717188541329,1.5383576505924816,1.5870689471647281,1.6306984568919474,1.6786106954511302,1.718340277460835,1.7566321409278007,1.7981915456521613
cotton,el_nino,0.25,2,2026-02,1.4067138548568316,1.4935067115771223,1.5643857105062875,1.6299366455813917,1.6988264262569572,1.7699730676139578,1.816508256520638,1.8624736367699821
cotton,el_nino,0.25,3,2026-03,1.3557739019426074,1.462195745998531,1.5466973141430713,1.6298094889546206,1.7172347995177621,1.8023589735142622,1.8575079181858547,1.9140491657179086
cotton,el_nino,0.25,4,2026-04,1.3154790147390036,1.4364502745575436,1.5309137934737067,1.628009088521841,1.7305684519359277,1.8312052205614677,1.8970611265988144,1.9564675840328882
cotton,el_nino,0.25,5,2026-05,1.288242642889426,1.412058978451811,1.5168563430590873,1.6282110472828732,1.7392942696916416,1.8546605270387262,1.9318157609945081,2.0010303082205705
cotton,el_nino,0.25,6,2026-06,1.265502749768087,1.3935054163630947,1.503694290082128,1.6283356235457584,1.7525040350222436,1.880609967335377,1.9620282911176004,2.0334601505460785
cotton,el_nino,0.25,7,2026-07,1.2366231703545092,1.3728645055158317,1.4918529786648338,1.6238136982300868,1.7637414900518815,1.9001631940487027,1.9897837518745076,2.0605263403047775
cotton,el_nino,0.25,8,2026-08,1.215316854031178,1.35202977850025,1.4813518251454518,1.6237517316113679,1.7720805014880014,1.9192441834646838,2.0155864115870927,2.101477026130616
cotton,el_nino,0.25,9,2026-09,1.1942649439897448,1.337018609598609,1.4721773231129165,1.6254367142272126,1.7830988748090137,1.9389668388305557,2.0406727752812044,2.1385962217522123
cotton,el_nino,0.25,10,2026-10,1.1833726885917626,1.3284279441768563,1.4628986133186574,1.6211680551481695,1.7886171713816468,1.9590657920147192,2.0664828095980585,2.165466608839219
cotton,el_nino,0.25,11,2026-11,1.1610492308045808,1.3100691427572506,1.4557523216633177,1.6186787960077436,1.7961138834895933,1.972663558109456,2.081436061472764,2.1968413217296234
cotton,el_nino,0.25,12,2026-12,1.1399539654162882,1.2923447809633823,1.4433621187470789,1.6179561531362001,1.8035366946596074,1.9946958839294813,2.1188600765446535,2.2276572649699187
cotton,el_nino,0.5,1,2026-01,1.4455513614064306,1.5345144865939764,1.5831040913728776,1.6266246047552015,1.674417147747981,1.7140474763108713,1.7522436780758552,1.7936992580440065
cotton,el_nino,0.5,2,2026-02,1.3996940580647412,1.4860538002499912,1.5565790981278789,1.6218029203063766,1.6903489265464202,1.761140531260367,1.8074434998269413,1.8531795032007339
cotton,el_nino,0.5,3,2026-03,1.3456381795093189,1.4512644172546003,1.5351342543718183,1.6176250852162726,1.7043968069470563,1.78888459533475,1.8436212482555725,1.8997397952250947
cotton,el_nino,0.5,4,2026-04,1.3023827413891058,1.4221496698056895,1.5156727555781397,1.6118014167912285,1.7133397487461939,1.8129746263372106,1.8781749027996977,1.9369899382524332
cotton,el_nino,0.5,5,2026-05,1.2722312413784582,1.3945086796894222,1.498003531380145,1.6079742223597622,1.717676805736795,1.831609190763787,1.9078054722765978,1.9761597608300003
cotton,el_nino,0.5,6,2026-06,1.246651762482291,1.3727476954562354,1.4812951906338991,1.6040798610497107,1.726398654146094,1.8525963145872677,1.9328018272659742,2.003169634424212
cotton,el_nino,0.5,7,2026-07,1.2151590306255802,1.3490356170705085,1.4659588004246653,1.5956290701654448,1.733128127229858,1.867181951837999,1.9552469604699407,2.024761665710525
cotton,el_nino,0.5,8,2026-08,1.1912390923313585,1.3252434711189207,1.4520033995713832,1.5915820903168143,1.7369721822984854,1.8812202690098265,1.975653772504031,2.0598427289635985
cotton,el_nino,0.5,9,2026-09,1.1676798278942344,1.3072557038573664,1.4394056963100863,1.5892534334810882,1.743405931601448,1.8958041731464683,1.9952460691580574,2.0909896758824456
cotton,el_nino,0.5,10,2026-10,1.1541395194828805,1.2956114366509812,1.426760241219514,1.5811199110876022,1.7444324874303274,1.9106704706206246,2.0154339371541066,2.1119725133728395
cotton,el_nino,0.5,11,2026-11,1.1295386147950195,1.274514159722817,1.416243529791355,1.574748216123139,1.7473677550822193,1.9191259110860241,2.0249463530767877,2.1372195404249754
cotton,el_nino,0.5,12,2026-12,1.10624529868167,1.2541298873366826,1.4006816122404406,1.5701128661159416,1.750205753912597,1.935712327726192,2.05620496033437,2.1617849941397536
cotton,el_nino,0.75,1,2026-01,1.4419400484272884,1.5306809236849928,1.5791491406840652,1.62256093001892,1.6702340764717885,1.709765399545335,1.7478661785928216,1.7892181931823956
cotton,el_nino,0.75,2,2026-02,1.3927092915290402,1.4786380805115014,1.548811442380445,1.613709784024209,1.6819137313351724,1.7523520711132814,1.7984239781678892,1.8439317493047858
cotton,el_nino,0.75,3,2026-03,1.3355782314135487,1.4404148107755812,1.5236576396664816,1.605531771691514,1.691654790799197,1.7755109511765912,1.8298383946266177,1.8855374011295272
cotton,el_nino,0.75,4,2026-04,1.2894168482077504,1.4079914349638076,1.5005834500904485,1.595755100807816,1.6962825661994414,1.7949255270988993,1.8594767011177327,1.9177062025005647
cotton,el_nino,0.75,5,2026-05,1.2564188435099801,1.3771765113248067,1.4793850388638763,1.5879889183212759,1.6963280224508743,1.8088443565717438,1.884093604337707,1.9515983262624417
cotton,el_nino,0.75,6,2026-06,1.2280815803719196,1.3522991825166994,1.4592297492033945,1.5801854135097186,1.700682140226636,1.8249999545016045,1.9040107221668892,1.9733303272265441
cotton,el_nino,0.75,7,2026-07,1.194067445208544,1.3256203280170105,1.440514068930472,1.5679336443165544,1.7030461223129234,1.8347731669515757,1.9213096261467772,1.989617760637057
cotton,el_nino,0.75,8,2026-08,1.167638357348111,1.2989878519476716,1.4232364226910388,1.5600497914194227,1.7025594263609087,1.8439496813504483,1.9365122757183038,2.0190332872097203
cotton,el_nino,0.75,9,2026-09,1.1416865138116428,1.2781553397978946,1.4073635872809938,1.553875616149253,1.7045965791822213,1.8536023365346712,1.9508305911231156,2.0444428827544994
cotton,el_nino,0.75,10,2026-10,1.1256285050970094,1.2636056040065828,1.391514604902663,1.5420610869421436,1.7013393094351823,1.8634706716752318,1.965646138533607,2.059799896722196
cotton,el_nino,0.75,11,2026-11,1.0988831898445086,1.2399241309624134,1.3778069976794853,1.5320099023346598,1.6999445856790323,1.8670412638085565,1.9699897627110652,2.0792158809076313
cotton,el_nino,0.75,12,2026-12,1.0735334039637277,1.2170450157570496,1.3592631768467984,1.5236843146609615,1.6984518197490306,1.8784729270758456,1.995402568440703,2.0978605795317087
cotton,el_nino,1.0,1,2026-01,1.4383377573215859,1.5268569378798458,1.5752040703531118,1.6185074072576635,1.6660614554500768,1.7054940203722984,1.743499615089734,1.7847483230303791
cotton,el_nino,1.0,2,2026-02,1.3857593804414114,1.4712593667678355,1.5410825488622377,1.6056570341873126,1.6735206295149012,1.743607467223199,1.7894494658111835,1.8347301436378531
cotton,el_nino,1.0,3,2026-03,1.3255934911687677,1.4296463156084296,1.5122668237665065,1.5935288673928145,1.6790080335575093,1.7622372879554562,1.8161585811716343,1.8714411836790736
cotton,el_nino,1.0,4,2026-04,1.2765800371929865,1.3939741526658767,1.4856443664361068,1.5798685341917613,1.6793951967190388,1.7770561159701626,1.8409646496955858,1.898614446302748
cotton,el_nino,1.0,5,2026-05,1.2408029758934083,1.3600597622434087,1.4609979531876562,1.568252009046808,1.6752445804365284,1.7863624635651913,1.860676448144495,1.9273421625945215
cotton,el_nino,1.0,6,2026-06,1.2097880205501383,1.332155271568354,1.4374929956054037,1.5566468987615436,1.6753487006837602,1.7978146710676548,1.8756484906963018,1.9439355077241445
cotton,el_nino,1.0,7,2026-07,1.1733419476567113,1.3026114594868266,1.4155109831091472,1.5407189295723271,1.6734862524912566,1.8029269032146207,1.8879613440938625,1.955083850351977
cotton,el_nino,1.0,8,2026-08,1.1445051982657344,1.2732524070335225,1.3950393748887384,1.5291422079418662,1.6688284532309596,1.8074174956354663,1.8981462471810868,1.9790323588985654
cotton,el_nino,1.0,9,2026-09,1.1162718278434163,1.2497027688105011,1.3760347564844828,1.5192853320910906,1.666651148244446,1.8123399403137312,1.9074038305799987,1.9989322515815768
cotton,el_nino,1.0,10,2026-10,1.097821805854662,1.2323904199272429,1.3571396508795082,1.50396714327977,1.6593106736353367,1.8174368618706889,1.9170882610957263,2.0089161140459253
cotton,el_nino,1.0,11,2026-11,1.0690597462592981,1.2062728678332253,1.340413624438043,1.4904314968075658,1.6538084704690466,1.8163701821894684,1.9165246818957247,2.0227864277147973
cotton,el_nino,1.0,12,2026-12,1.041788806514585,1.18105675124656,1.3190694928709414,1.4786286647576645,1.6482282597688531,1.8229261069499298,1.9363981154350887,2.035826422647747
cotton,el_nino,1.25,1,2026-01,1.4347444655506507,1.5230425052527725,1.5712688556966576,1.6144640111095108,1.6618992585757564,1.7012333120667646,1.7391439602460506,1.780289619621051
cotton,el_nino,1.25,2,2026-02,1.3788441508658684,1.4639174743513277,1.5333922241416136,1.597644469258866,1.6651694110307682,1.7349065007382103,1.7805197381509779,1.8255744559106062
cotton,el_nino,1.25,3,2026-03,1.3156833965234809,1.4189583253675655,1.5009611652427615,1.581615696423685,1.6664558230694504,1.74906285821705,1.802581037565569,1.857450349100522
cotton,el_nino,1.25,4,2026-04,1.2638710232651449,1.380096419656486,1.4708540090791382,1.5641401265555648,1.6626759497281614,1.7593646040630189,1.822636895311229,1.8797127584033182
cotton,el_nino,1.25,5,2026-05,1.2253811958796113,1.3431557550267654,1.4428393982257417,1.5487604072699015,1.654423181801346,1.7641599951046603,1.83755034076272,1.9033874756536338
cotton,el_nino,1.25,6,2026-06,1.1917669624385867,1.3123114252458996,1.4160800336908252,1.5334590148139147,1.650392629223898,1.7710343408686688,1.847708744332876,1.9149785548078186
cotton,el_nino,1.25,7,2026-07,1.1529761837618797,1.28000195721548,1.3909418772912616,1.5139765822023787,1.644439455035879,1.771633396915082,1.8551918900969502,1.9211493471405434
cotton,el_nino,1.25,8,2026-08,1.1218303515073431,1.2480268307251003,1.3674009647745191,1.4988469630714976,1.635765755481404,1.7716090827037723,1.860540323376577,1.939823925825548
cotton,el_nino,1.25,9,2026-09,1.091422889350569,1.221883570599159,1.3454033258821694,1.4854650503026012,1.6295504073328253,1.7719960719282044,1.8649437780328764,1.9544347167231704
cotton,el_nino,1.25,10,2026-10,1.0707020228722117,1.201946352811944,1.3236138704546263,1.4668142444022236,1.6183202823628466,1.7725402374682728,1.8697299217715735,1.959289326936829
cotton,el_nino,1.25,11,2026-11,1.0400457042515254,1.1735348924463376,1.3040350989689873,1.4499815198915016,1.6089244790898025,1.7670743023734787,1.864510631395718,1.9678884572395023
cotton,el_nino,1.25,12,2026-12,1.0109829031605564,1.1461326669148717,1.2800643441685102,1.434905319432603,1.5994898205014052,1.7690218174038421,1.8791384359050405,1.97562662818894
cotton,el_nino,1.5,1,2026-01,1.431160150632117,1.5192376019377818,1.5673434720930073,1.6104307162759015,1.6577474598069584,1.696983247970503,1.7347991868094823,1.7758420550573715
cotton,el_nino,1.5,2,2026-02,1.3719634297344014,1.4566122195158424,1.525740275752194,1.589671888707759,1.6568598668761538,1.7262489538985237,1.771634571702256,1.8164644569829083
cotton,el_nino,1.5,3,2026-03,1.3058473894295688,1.4083502382007287,1.4897400274614192,1.5697915879406161,1.6539974525065062,1.7359869200950213,1.7891049992422945,1.843564109554885
cotton,el_nino,1.5,4,2026-04,1.2512885341381865,1.3663568466503577,1.4562108973724,1.5485683033448545,1.6461231514805503,1.7418492202987899,1.8044916031924183,1.8609992465741512
cotton,el_nino,1.5,5,2026-05,1.2101510911788294,1.3264618455337023,1.4249065335993856,1.5295110640953355,1.6338605696419937,1.7422334782585387,1.8147116647842747,1.8797305184244564
cotton,el_nino,1.5,6,2026-06,1.1740143468392301,1.2927631737728398,1.39498604024382,1.5106165386542667,1.6258083045546923,1.7446529317025952,1.8201851897189831,1.8864529459967196
cotton,el_nino,1.5,7,2026-07,1.132963909606206,1.2577848893797705,1.366799218860852,1.4876984032989355,1.6158968245201204,1.74088305381022,1.8229912174040694,1.8878038470595893
cotton,el_nino,1.5,8,2026-08,1.0996047370253064,1.2233010215457853,1.3403101246625462,1.4691519252041068,1.6033580932930904,1.7365101032260442,1.823679445169734,1.9013922871374878
cotton,el_nino,1.5,9,2026-09,1.067127104425535,1.1946836458730303,1.3154537708911538,1.4523976300313612,1.5932755530967944,1.7325502843497618,1.823428913931641,1.910927725994966
cotton,el_nino,1.5,10,2026-10,1.044252187075263,1.172254353553985,1.2909162862675956,1.4305791434308173,1.578342487588028,1.7287527062756516,1.8235414880532583,1.9108884835003188
cotton,el_nino,1.5,11,2026-11,1.0118190968437126,1.1416854183770309,1.2686438785311362,1.41062934628677,1.5652586291810522,1.719116301691743,1.8139082305733667,1.9144804053838962
cotton,el_nino,1.5,12,2026-12,0.9810879365295213,1.1122412947412732,1.2422125855137764,1.3924748821729531,1.552192586630205,1.7167114884798504,1.8235719365499519,1.9172069536915235
cotton,el_nino,1.75,1,2026-01,1.4275847901397853,1.515442204128505,1.5634278949819758,1.6064074975214753,1.6536060331668725,1.6927438014918799,1.7304652675958232,1.771405601511995
cotton,el_nino,1.75,2,2026-02,1.3651170448426457,1.4493434194321766,1.518126512188048,1.5817390930035728,1.6485917890874235,1.7176346100310143,1.7627937440952386,1.807399918858079
cotton,el_nino,1.75,3,2026-03,1.296084916010861,1.3978214567550868,1.478602778548106,1.5580558761153038,1.6416322203243912,1.7230087372691893,1.7757297073515552,1.8297816830930336
cotton,el_nino,1.75,4,2026-04,1.2388313101923392,1.3527540581932664,1.4417135654093565,1.5331515056807619,1.6297351448929565,1.7245082112308003,1.7865269568330147,1.842472037425228
cotton,el_nino,1.75,5,2026-05,1.1951102794833395,1.3099754224867342,1.407196554232541,1.5105009685222148,1.6135535275347703,1.7205794832598327,1.7921568477613516,1.8563675904628358
cotton,el_nino,1.75,6,2026-06,1.1565261750200349,1.273506113954674,1.3742062638953938,1.4881143250722706,1.6015901891188162,1.7186645012233417,1.793071627243141,1.8583522559691767
cotton,el_nino,1.75,7,2026-07,1.113298989647889,1.2359534444725526,1.3430756059460054,1.4618763362631388,1.5878496100893165,1.7106664461851213,1.7913494536453047,1.8550371267477894
cotton,el_nino,1.75,8,2026-08,1.0778194546651811,1.1990650781486163,1.3137560061391045,1.4400452030858697,1.5715924891531203,1.7021065019626214,1.787548851775915,1.8637220530452705
cotton,el_nino,1.75,9,2026-09,1.0433721595093406,1.1680892092006812,1.2861709125158696,1.4200663120892685,1.5578082007606275,1.693982585714254,1.782838197765397,1.8683892292389712
cotton,el_nino,1.75,10,2026-10,1.018455748580964,1.1432958436217953,1.2590264391672885,1.3952391677606677,1.5393522748712702,1.686046870069364,1.7784940594525858,1.8636832989249879
cotton,el_nino,1.75,11,2026-11,0.9843585532372288,1.110700331898601,1.2342131678871322,1.3723451818574475,1.5227778606561917,1.6724598704042881,1.7646791675726774,1.862521836090433
cotton,el_nino,1.75,12,2026-12,0.9520769700404041,1.0793520972207202,1.2054801109323652,1.3512991214286552,1.5062939414234613,1.6659479864435855,1.7696485496934333,1.860514760652237
cotton,el_nino,2.0,1,2026-01,1.4240183617034814,1.5116562880780475,1.5595220998647352,1.6023943296739167,1.6494749527435844,1.6885149461056954,1.726142175488779,1.7669802312270944
cotton,el_nino,2.0,2,2026-02,1.3583048248455734,1.4421108921834824,1.5105507428988987,1.5738458836115883,1.6403649707387262,1.7090632535438013,1.753997034069818,1.7983806146771901
cotton,el_nino,2.0,3,2026-03,1.2863954265319473,1.3873713881435992,1.4675487913523209,1.5464079000971553,1.6293594302235417,1.7101275789240784,1.7624544087162357,1.8161022936116655
cotton,el_nino,2.0,4,2026-04,1.2264981043479954,1.3392866925243456,1.4273605618773295,1.5178881902038621,1.6135102893792501,1.7073398408688434,1.7687411578111367,1.8241292762170982
cotton,el_nino,2.0,5,2026-05,1.180256408094815,1.2936939070636067,1.3897066899130897,1.4917271469729845,1.5934988790324887,1.6991946229696806,1.769882361647636,1.8332950373169612
cotton,el_nino,2.0,6,2026-06,1.1392985078142635,1.2545359081870908,1.3537360240531644,1.4659473055008876,1.577732827846652,1.693063195602277,1.7663619496435656,1.8306701551154052
cotton,el_nino,2.0,7,2026-07,1.09397539484008,1.2145009292144038,1.3197637651495262,1.436502464334981,1.5602892127778922,1.680974309962263,1.7602568978060331,1.8228391402912911
cotton,el_nino,2.0,8,2026-08,1.056465780601683,1.1753092953513364,1.2877279757183953,1.4115151410515447,1.540456222658058,1.668384502135144,1.7521340748499767,1.8267981386610705
cotton,el_nino,2.0,9,2026-09,1.0201460151508595,1.1420867820233662,1.2575399096550868,1.3884547103586722,1.5231303748056901,1.6562734291894576,1.7431510573987359,1.8267976671480841
cotton,el_nino,2.0,10,2026-10,0.9932965663426019,1.1150527034341922,1.2279243754104092,1.3607722048742574,1.5013252477112933,1.6443960074515247,1.7345594494177792,1.8176442365331498
cotton,el_nino,2.0,11,2026-11,0.9576432826321302,1.0805561737254838,1.200716899016358,1.3351000410737828,1.4814500106719601,1.627069684209349,1.7167861703128438,1.8119734107271097
cotton,el_nino,2.0,12,2026-12,0.9239238636322193,1.0474354398482988,1.1698338229703857,1.3113409361642292,1.461752528334665,1.6166855713146309,1.7173196881702992,1.8054989670988877
cotton,drought,0.0,1,2026-01,1.4528011434221042,1.542210439726265,1.5910437328667695,1.634782511918274,1.6828147458192584,1.7226438298542548,1.7610315946062183,1.8026950841140277
cotton,drought,0.0,2,2026-02,1.4137688575903335,1.5009970010175093,1.5722314748923902,1.6381111634126548,1.7073464426338545,1.7788499012266563,1.8256184751133786,1.8718143826175624
cotton,drought,0.0,3,2026-03,1.365985969466879,1.4732094125622879,1.5583474701086102,1.6420856690234766,1.7301694914325256,1.815934844471899,1.8714991863908286,1.9284663183840576
cotton,drought,0.0,4,2026-04,1.3287069793116153,1.4508946808378942,1.546308089541448,1.6443797385326506,1.7479704005160275,1.8496191348173139,1.916137263195115,1.9761410897285947
cotton,drought,0.0,5,2026-05,1.3044555525618093,1.429830152846697,1.5359464228757584,1.6487025585543562,1.7611837957400542,1.8780019711088975,1.9561282262040443,2.0262138587092537
cotton,drought,0.0,6,2026-06,1.2846387883668027,1.414577020861726,1.5264320928889201,1.6529581645473848,1.779004163026498,1.9090472227507875,1.991696696909274,2.0642086984547507
cotton,drought,0.0,7,2026-07,1.258466445063052,1.397114299026488,1.5182045425194812,1.6524961696055553,1.7948955964972697,1.9337270052675795,2.0249305889585396,2.0969227494732734
cotton,drought,0.0,8,2026-08,1.2398812842866265,1.379357500556515,1.5112934518676242,1.6565715975015087,1.8078984429091653,1.9580366512326683,2.0563261838259383,2.1439528509910915
cotton,drought,0.0,9,2026-09,1.2214553359330758,1.367459141419851,1.5056950769639146,1.662443796752192,1.8236955259321719,1.9831122092345435,2.0871337325982746,2.1872866482531426
cotton,drought,0.0,10,2026-10,1.213346303861375,1.3620756601466608,1.4999523332809153,1.6622305775815909,1.8339210080143937,2.008686917213735,2.118824697570706,2.2203156548230165
cotton,drought,0.0,11,2026-11,1.193438895045249,1.3466159992902524,1.4963632860093972,1.6638349025062151,1.8462198773447516,2.0276947390548927,2.1395016571261047,2.2581263653892614
cotton,drought,0.0,12,2026-12,1.1746897770475944,1.3317241298109055,1.4873431532393377,1.667257284469629,1.858492695337202,2.0554767422693296,2.183424371880099,2.2955367456179356
cotton,drought,0.25,1,2026-01,1.4449695631692308,1.5338968829258581,1.5824669316051552,1.62596992907027,1.673743236760862,1.7133576151085517,1.7515384438584718,1.7929773389934225
cotton,drought,0.25,2,2026-02,1.3985676011546666,1.484857842060136,1.5553263820281986,1.6204977128606264,1.6889885541009029,1.7597231865844927,1.8059888910799664,1.8516880866694132
cotton,drought,0.25,3,2026-03,1.34401407629794,1.449512829616471,1.533281440955561,1.6156727103983517,1.7023397039532664,1.786725520733338,1.8413961098525067,1.8974469251585409
cotton,drought,0.25,4,2026-04,1.3002873010508582,1.4198615330771898,1.5132341469182662,1.60920814401614,1.7105831080840053,1.810057680309352,1.8751530542074681,1.9338734604902472
cotton,drought,0.25,5,2026-05,1.2696730952493298,1.3917046635129933,1.4949914123481767,1.604740979141956,1.7142229774320221,1.8279262722745735,1.9039693416854748,1.9721861864684487
cotton,drought,0.25,6,2026-06,1.2436443131955852,1.3694360496528348,1.4777216825392232,1.6002101445987214,1.722233853231167,1.8481270717461356,1.9281390949363137,1.9983371452965315
cotton,drought,0.25,7,2026-07,1.2117396638307059,1.3452395315558918,1.4618337018009528,1.5911390890831738,1.7282512340659557,1.8619278412193945,1.9497450414915107,2.019064137541146
cotton,drought,0.25,8,2026-08,1.1874089396615235,1.320982458487818,1.4473348198267466,1.5864647277052857,1.7313873516089224,1.875171642094978,1.9693015165882048,2.053219783008778
cotton,drought,0.25,9,2026-09,1.1634569737208007,1.3025280806914048,1.4342001594782232,1.58350597999778,1.7371009935196378,1.8889480946450337,1.9880303641429546,2.083427719027088
cotton,drought,0.25,10,2026-10,1.149502800759119,1.2904063590103412,1.4210282774377476,1.5747678122533668,1.7374242855272939,1.9029944129200491,2.007336995566755,2.103487731133329
cotton,drought,0.25,11,2026-11,1.1245479447895161,1.2688829404752373,1.4099861039609858,1.5677904648913659,1.7396473144264963,1.9106465868771931,2.0159994796413123,2.127776607429267
cotton,drought,0.25,12,2026-12,1.1009142773014122,1.2480862067434364,1.3939316955350893,1.5625464563254032,1.741771472379308,1.9263840857734944,2.046296061630983,2.1513673028401716
cotton,drought,0.5,1,2026-01,1.4371802004280483,1.5256281418165485,1.5739363651002365,1.6172048520011002,1.664720629268607,1.704121459337785,1.7420964676106014,1.7833119790881882
cotton,drought,0.5,2,2026-02,1.3835297930761916,1.468892216062305,1.5386030576690337,1.6030736472827545,1.6708280549571066,1.740802127974775,1.786570370077838,1.831778194544396
cotton,drought,0.5,3,2026-03,1.3223956011729767,1.4261974063608651,1.5086185990438388,1.5896846043838386,1.6749575587859171,1.7579860291563552,1.8117772414953377,1.8669264790740276
cotton,drought,0.5,4,2026-04,1.2724754905329678,1.389492152489015,1.4808676219746788,1.5747888337998108,1.6739954914559816,1.7713424047002373,1.8350454553764142,1.892509892450119
cotton,drought,0.5,5,2026-05,1.235818089496483,1.354595765509414,1.4551284404896092,1.5619516065987726,1.6685143387440244,1.779185809319829,1.8532012398353308,1.91959912690296
cotton,drought,0.5,6,2026-06,1.2039580244264771,1.3257355848650363,1.4305656840022034,1.5491453817754832,1.66727515700102,1.789150961074379,1.8666096977471551,1.9345676380790755
cotton,drought,0.5,7,2026-07,1.1667478450941027,1.2952908709915123,1.407555906910123,1.5320601931638638,1.664081372687819,1.7927945756894468,1.877351128749514,1.9440964110522339
cotton,drought,0.5,8,2026-08,1.1371572487275035,1.265077874973301,1.3860829464285966,1.5193248127934984,1.6581142447844748,1.7958135181502006,1.8859597731820141,1.966326580078384
cotton,drought,0.5,9,2026-09,1.1082125476700444,1.2406801414395852,1.3661000350714816,1.5083163674991313,1.6546182291830343,1.7992551745926444,1.893632720809984,1.9845003232096063
cotton,drought,0.5,10,2026-10,1.0890185965440775,1.2225081323272688,1.3462570246220669,1.4919071372861503,1.646004999532856,1.802863206092952,1.9017155210578733,1.9928070251709926
cotton,drought,0.5,11,2026-11,1.0596337067448913,1.1956370022914367,1.3285950223123786,1.4772901674931076,1.6392266250235996,1.800355008884126,1.8996264332757613,2.0049512553929874
cotton,drought,0.5,12,2026-12,1.0317721918141662,1.1697010999450794,1.3063868735237731,1.4644119122572956,1.6323808372267723,1.805398995575273,1.9177799908136288,2.0162523124777425
cotton,drought,0.75,1,2026-01,1.42943282761763,1.5174039748114656,1.5654517841154203,1.6084870246225027,1.6557466597299946,1.69493509269024,1.7327053899974583,1.7736987220066014
cotton,drought,0.75,2,2026-02,1.3686536759103463,1.453098257146859,1.5220595473867422,1.5858369303563817,1.6528628228139963,1.7220845141236654,1.7673606426955222,1.8120823794052838
cotton,drought,0.75,3,2026-03,1.3011248593604618,1.403257011839383,1.484352459104054,1.564114517222943,1.6480158556009903,1.7297088124875881,1.782634792827591,1.8368969545625222
cotton,drought,0.75,4,2026-04,1.2452585460909498,1.3597723417749603,1.4491933837727418,1.541105717294763,1.638190446387441,1.7334552090919948,1.7957957169106158,1.852031048667273
cotton,drought,0.75,5,2026-05,1.2028658054117678,1.3184763520905625,1.4163283888005305,1.5203031847924606,1.6240244911224253,1.7317449790499884,1.8037868363400058,1.8684142670145196
cotton,drought,0.75,6,2026-06,1.1655381761496812,1.2834296580866282,1.3849144939986837,1.4997101611789305,1.6140702634183186,1.732056853909384,1.8070437827198407,1.872833097814183
cotton,drought,0.75,7,2026-07,1.1234265698031336,1.2471968011031067,1.3552934431849255,1.4751748929942856,1.6022941342918757,1.7262282240307179,1.8076451975079526,1.8719122316089147
cotton,drought,0.75,8,2026-08,1.0890322324018522,1.2115391990738702,1.3274232804059534,1.4550262898746373,1.5879420894476983,1.719813866408533,1.8061450905816356,1.88311073734975
cotton,drought,0.75,9,2026-09,1.05559129263344,1.1817689278111136,1.3012335087881017,1.4366969832781833,1.576051993843874,1.7138211433526744,1.8037173606591719,1.8902702968059275
cotton,drought,0.75,10,2026-10,1.0317169326039368,1.1581825547980966,1.2754200638513744,1.4134064012271326,1.5593959869536977,1.7080006739989906,1.8016516065910122,1.8879500844205983
cotton,drought,0.75,11,2026-11,0.9984666262318228,1.1266191668658114,1.251902219712991,1.3920139762573656,1.5446026938351558,1.696429983585706,1.789970990787175,1.8892159649027178
cotton,drought,0.75,12,2026-12,0.9669725225205261,1.0962389102774404,1.2243402376040293,1.3724406337359307,1.5298603978770928,1.6920122821277577,1.797335274268035,1.889623116519894
cotton,drought,1.0,1,2026-01,1.4217272183838638,1.5092241416260561,1.557012940757667,1.5998161922267047,1.6468210659535758,1.685798246768886,1.7233649366409942,1.7641372868792216
cotton,drought,1.0,2,2026-02,1.353937511109126,1.4374741194990968,1.5056939177677553,1.568785547653988,1.6350907581036438,1.7035681575335906,1.7483574639229242,1.7925983394336833
cotton,drought,1.0,3,2026-03,1.2801962575678123,1.3806856137124077,1.4604766401824183,1.5389557250796957,1.6215075098863452,1.7018864350321428,1.7539611006354756,1.807350455147342
cotton,drought,1.0,4,2026-04,1.2186237441501204,1.3306882073022555,1.4181966250097398,1.5081430480732758,1.6031512344761008,1.6963783817034979,1.7573854900575243,1.812418005798088
cotton,drought,1.0,5,2026-05,1.170792172510126,1.2833200392947453,1.37856291520723,1.4797652910150765,1.5807209362976167,1.685569127606363,1.7556900357149534,1.818594218062426
cotton,drought,1.0,6,2026-06,1.1283443546210483,1.2424737678170172,1.3407200921538927,1.4518524820217928,1.5625632063860273,1.6767846930998884,1.7493786926144812,1.8130685860903972
cotton,drought,1.0,7,2026-07,1.0817138107830344,1.2008884610536372,1.3049714815038875,1.420401740499989,1.5428010522342315,1.6621334768900071,1.7405274431800464,1.8024082462816298
cotton,drought,1.0,8,2026-08,1.0429438888397402,1.1602663044941266,1.2712461183537647,1.3934489099363523,1.520739651909377,1.6470305547859685,1.729708201956072,1.8034166272525083
cotton,drought,1.0,9,2026-09,1.0054686525849525,1.1256549952668322,1.2394470396923727,1.3684783021900224,1.5012163189605938,1.632443776112887,1.7180714514436988,1.8005145946299603
cotton,drought,1.0,10,2026-10,0.977430350959662,1.097241641808198,1.2083103816905276,1.3390361940782571,1.4773441422215787,1.6181295910426376,1.7068528260874374,1.7886104756971664
cotton,drought,1.0,11,2026-11,0.9408303995550158,1.0615853680647716,1.1796364892249467,1.311660331012717,1.455440904498774,1.5985040033811595,1.6866453802364572,1.7801614639971521
cotton,drought,1.0,12,2026-12,0.9062425472677597,1.0273904576670865,1.1474464783720233,1.2862455415471503,1.4337786768980036,1.5857467351470114,1.6844549967160891,1.7709467710905722
cotton,drought,1.25,1,2026-01,1.4140631475928398,1.5010884032710619,1.5486195884702483,1.5911921014789803,1.63794358716129,1.6767106546235317,1.7140748346422443,1.7546273943506838
cotton,drought,1.25,2,2026-02,1.3393795788179037,1.4220179771510577,1.4895042561871317,1.5519175064077666,1.61750978383329,1.68525089422759,1.7295586128889548,1.7733237975610268
cotton,drought,1.25,3,2026-03,1.2596042924705912,1.358477276670542,1.4369848639628258,1.5142016122710735,1.5954255510842648,1.6745115806983264,1.7257486249680436,1.778279211366684
cotton,drought,1.25,4,2026-04,1.1925586332799958,1.302226152608672,1.3878628550959626,1.4758854165075523,1.568861475336918,1.6600945895904362,1.7197968185255714,1.7736522452498367
cotton,drought,1.25,5,2026-05,1.1395737621302993,1.249101146671416,1.3418044333589263,1.4403083137603596,1.5385720425451723,1.6406245251528246,1.7088757049382004,1.7701025882523864
cotton,drought,1.25,6,2026-06,1.092337435750957,1.2028248326557036,1.297935990484948,1.4055220029287714,1.5126998057572119,1.6232763379955322,1.6935537696642606,1.7552112367644517
cotton,drought,1.25,7,2026-07,1.0415498439242008,1.1562995468046833,1.2565179711461854,1.367662311768489,1.4855169446320056,1.6004185637445025,1.6759017669171454,1.735484939628699
cotton,drought,1.25,8,2026-08,0.9988060251156896,1.1111633023294163,1.2174463995653952,1.3344775129596465,1.4563812523502135,1.5773274662934857,1.6565061575150786,1.727095208446449
cotton,drought,1.25,9,2026-09,0.9577259857921773,1.0722055205124648,1.1805943774326462,1.303498848651981,1.42993406633566,1.5549304503015557,1.6364922668300579,1.715020762349909
cotton,drought,1.25,10,2026-10,0.9260002048874802,1.039507300062752,1.144731857277137,1.2685791768700554,1.3996096776034714,1.5329873186041618,1.6170421402588202,1.694497889627966
cotton,drought,1.25,11,2026-11,0.8865212090938078,1.0003056284088996,1.1115422792604206,1.235945079070313,1.3714259562946745,1.5062307749505188,1.5892842137189824,1.6774021058326516
cotton,drought,1.25,12,2026-12,0.8493266720109145,0.9628659798604008,1.0753819733189052,1.2054638666930115,1.3437312954698393,1.4861551151787316,1.5786640793089244,1.659723803449303
cotton,drought,1.5,1,2026-01,1.4064403913242711,1.4929965220455395,1.5402714820255436,1.5826145004102492,1.6291139639808474,1.6676720507430303,1.7048348125733523,1.7451687665715376
cotton,drought,1.5,2,2026-02,1.3249781776744312,1.4067280237681221,1.4734886705850336,1.5352308352767339,1.6001178453426093,1.6671305834964176,1.710961892601981,1.7542565012024531
cotton,drought,1.5,3,2026-03,1.239343549265372,1.33662616087388,1.4138709531159257,1.489845669527357,1.5697631207584974,1.6475770510738281,1.6979899471545081,1.7496755787305862
cotton,drought,1.5,4,2026-04,1.1670510283734088,1.2743728720463499,1.3581778933805384,1.4443177425659142,1.5353051389444718,1.6245868705423836,1.6830121300898322,1.7357156445234792
cotton,drought,1.5,5,2026-05,1.109187770321015,1.2157946785225067,1.3060260924769045,1.4019034310935699,1.4975470215799862,1.5968783412373473,1.663309647786913,1.7229039561535895
cotton,drought,1.5,6,2026-06,1.0574795439497808,1.164441145985059,1.2565171845002632,1.3606699889825664,1.464427610343077,1.5714755032888488,1.6395102917696789,1.6992001898325284
cotton,drought,1.5,7,2026-07,1.0028771626695232,1.1133662161826683,1.2098635366298025,1.3168810947623184,1.430359792400358,1.5409951215052233,1.613675638014903,1.6710464912106333
cotton,drought,1.5,8,2026-08,0.9565360960283628,1.0641383617375089,1.1659235095515008,1.2780018125503476,1.3947465297785053,1.5105742444754693,1.586402057169095,1.6540037470892377
cotton,drought,1.5,9,2026-09,0.9122502839879432,1.0212939871020525,1.1245362160625394,1.2416048144262843,1.3620365088243542,1.481097689644291,1.5587867065389878,1.6335864336027528
cotton,drought,1.5,10,2026-10,0.8772761952908118,0.984810807128154,1.084498689179339,1.201829446511777,1.3259654224475799,1.452325037506377,1.53195708698957,1.6053372922544487
cotton,drought,1.5,11,2026-11,0.8353470025467535,0.9425632458090478,1.0473787898806224,1.164600470381468,1.292260749155238,1.4192839946657718,1.4975431952520208,1.5805745049294666
cotton,drought,1.5,12,2026-12,0.7959853550950118,0.9023939129021468,1.0078434248018326,1.1297556236071107,1.2593392714777418,1.3928182713030457,1.4795172801641459,1.5554861098619297
cotton,drought,1.75,1,2026-01,1.398858726864954,1.4849482615299132,1.531968377517874,1.574083138409715,1.62033193843815,1.6586821710475173,1.6956446004696428,1.7357611271901292
cotton,drought,1.75,2,2026-02,1.3107316246100063,1.3916024724379095,1.4576452892456038,1.5187235841163407,1.582912910063586,1.6492051076483591,1.6925651296930657,1.7353942219935543
cotton,drought,1.75,3,2026-03,1.2194087002458758,1.3151265204163782,1.3911288296747506,1.4658814922804728,1.5445134707907844,1.6210757635328452,1.6706777678534486,1.7215320357107604
cotton,drought,1.75,4,2026-04,1.1420890049501247,1.2471153445615784,1.329127862522158,1.4134252687630808,1.502466538139128,1.5898386251531824,1.6470142283772329,1.6985904687416256
cotton,drought,1.75,5,2026-05,1.0796120011835022,1.1833763056439532,1.2712017577409696,1.3645225895980757,1.4576159060665137,1.5542986208105154,1.6189585798582555,1.6769638448245956
cotton,drought,1.75,6,2026-06,1.0237340122866487,1.1272823320992382,1.2164201058594335,1.3172492604597408,1.4176958427396897,1.5213276998088898,1.58719141072892,1.6449765274117667
cotton,drought,1.75,7,2026-07,0.9656403956767992,1.0720269974699708,1.1649413783800757,1.2679853812012878,1.3772506218179934,1.4837780679992163,1.5537599614283006,1.6090006383949336
cotton,drought,1.75,8,2026-08,0.9160550497272011,1.0191035381995364,1.1165810918740737,1.2239161896850654,1.335720216934924,1.4466460496212938,1.5192647945031437,1.5840055499002117
cotton,drought,1.75,9,2026-09,0.8689339048764909,0.9727998859698856,1.0711398642997518,1.1826496945515244,1.297362930952764,1.4107707298704135,1.4847708392715488,1.5560188509872372
cotton,drought,1.75,10,2026-10,0.8311159314672504,0.932992318358764,1.0274348524109995,1.138591934061643,1.256196159301427,1.3759070208672328,1.4513490143193986,1.520868121274946
cotton,drought,1.75,11,2026-11,0.7871268137816285,0.8881540272478818,0.9869191212606887,1.0973742106995168,1.2176653330370844,1.3373561946910857,1.411097903249026,1.4893362521402889
cotton,drought,1.75,12,2026-12,0.7459940990968781,0.8457197482051546,0.9445465835561917,1.058802179258461,1.1802474244908936,1.305343377055428,1.3865973204778028,1.457794985493986
cotton,drought,2.0,1,2026-01,1.391317932702258,1.4769433865790698,1.5237100323563781,1.5655977662175422,1.6115972539497545,1.649740752880699,1.6865039298217321,1.7264042013445262
cotton,drought,2.0,2,2026-02,1.2966382546527728,1.3766395554614435,1.441972260578222,1.5023938237505639,1.5658929672829693,1.6314723717617412,1.674366174161971,1.7167347555299466
cotton,drought,2.0,3,2026-03,1.1997945034020137,1.293972701814929,1.3687525134364702,1.4423027789798655,1.5196699616063913,1.595000749373658,1.6438049051333987,1.693841181762747
cotton,drought,2.0,4,2026-04,1.1176608935822994,1.2204408276076182,1.300699182001599,1.3831935532612314,1.4703303212934926,1.5558336090609315,1.6117862848274667,1.6622593623577067
cotton,drought,2.0,5,2026-05,1.0508248506581672,1.1518223475540628,1.237305991198875,1.3281384838833201,1.4187495277286848,1.5128542608834832,1.575790104256306,1.6322486966291427
cotton,drought,2.0,6,2026-06,0.9910653439195892,1.0913093037330734,1.177602576543803,1.275214143202482,1.372455345915351,1.4727801772041982,1.5365420924393667,1.5924832117646897
cotton,drought,2.0,7,2026-07,0.9297862275383348,1.0322227013900396,1.121687177086416,1.2209051624591525,1.326113391453001,1.4286854801493438,1.496068950205827,1.5492585442549354
cotton,drought,2.0,8,2026-08,0.8772871798722196,0.975974609049005,1.069326867943756,1.1721194951859242,1.2791919247234222,1.3854233252941444,1.4549688115858581,1.516969708521042
cotton,drought,2.0,9,2026-09,0.8276743173410571,0.9266084301820724,1.020278931441976,1.1264939405611925,1.2357602484996248,1.3437831050408935,1.4142694673384426,1.4821344098015543
cotton,drought,2.0,10,2026-10,0.7873845149869753,0.8839003997680396,0.9733735840175348,1.0786818346587497,1.1900979949618866,1.3035099452132328,1.3749823537845811,1.4408435245792337
cotton,drought,2.0,11,2026-11,0.7416901228891905,0.8368855666969603,0.9299494713092147,1.0340285693976563,1.1473759179403795,1.2601576556915948,1.329642643275274,1.4033647037969055
cotton,drought,2.0,12,2026-12,0.6991425059835883,0.792604961400874,0.8852250523766592,0.9923049121217138,1.106122880915818,1.2233622771392656,1.2995131283244707,1.3662392780351138
cotton,flood,0.0,1,2026-01,1.4528011434221042,1.542210439726265,1.5910437328667695,1.634782511918274,1.6828147458192584,1.7226438298542548,1.7610315946062183,1.8026950841140277
cotton,flood,0.0,2,2026-02,1.4137688575903335,1.5009970010175093,1.5722314748923902,1.6381111634126548,1.7073464426338545,1.7788499012266563,1.8256184751133786,1.8718143826175624
cotton,flood,0.0,3,2026-03,1.365985969466879,1.4732094125622879,1.5583474701086102,1.6420856690234766,1.7301694914325256,1.815934844471899,1.8714991863908286,1.9284663183840576
cotton,flood,0.0,4,2026-04,1.3287069793116153,1.4508946808378942,1.546308089541448,1.6443797385326506,1.7479704005160275,1.8496191348173139,1.916137263195115,1.9761410897285947
cotton,flood,0.0,5,2026-05,1.3044555525618093,1.429830152846697,1.5359464228757584,1.6487025585543562,1.7611837957400542,1.8780019711088975,1.9561282262040443,2.0262138587092537
cotton,flood,0.0,6,2026-06,1.2846387883668027,1.414577020861726,1.5264320928889201,1.6529581645473848,1.779004163026498,1.9090472227507875,1.991696696909274,2.0642086984547507
cotton,flood,0.0,7,2026-07,1.258466445063052,1.397114299026488,1.5182045425194812,1.6524961696055553,1.7948955964972697,1.9337270052675795,2.0249305889585396,2.0969227494732734
cotton,flood,0.0,8,2026-08,1.2398812842866265,1.379357500556515,1.5112934518676242,1.6565715975015087,1.8078984429091653,1.9580366512326683,2.0563261838259383,2.1439528509910915
cotton,flood,0.0,9,2026-09,1.2214553359330758,1.367459141419851,1.5056950769639146,1.662443796752192,1.8236955259321719,1.9831122092345435,2.0871337325982746,2.1872866482531426
cotton,flood,0.0,10,2026-10,1.213346303861375,1.3620756601466608,1.4999523332809153,1.6622305775815909,1.8339210080143937,2.008686917213735,2.118824697570706,2.2203156548230165
cotton,flood,0.0,11,2026-11,1.193438895045249,1.3466159992902524,1.4963632860093972,1.6638349025062151,1.8462198773447516,2.0276947390548927,2.1395016571261047,2.2581263653892614
cotton,flood,0.0,12,2026-12,1.1746897770475944,1.3317241298109055,1.4873431532393377,1.667257284469629,1.858492695337202,2.0554767422693296,2.183424371880099,2.2955367456179356
cotton,flood,0.25,1,2026-01,1.458448397606679,1.5482052411474179,1.5972283565635195,1.641137154756422,1.689356097096562,1.7293400027067636,1.7678769864114472,1.8097024281014475
cotton,flood,0.25,2,2026-02,1.4247812792976415,1.5126888782772636,1.584478226495427,1.6508710787539052,1.7206456597766073,1.792706087944264,1.839838961310017,1.8863947075614305
cotton,flood,0.25,3,2026-03,1.381977341599038,1.4904560318332583,1.5765907865574906,1.6613092947364756,1.7504242999061468,1.8371936937681603,1.8934085182606784,1.9510425550592037
cotton,flood,0.25,4,2026-04,1.3494872785868781,1.473585933427174,1.5704915591647348,1.6700969987118592,1.7753077657986598,1.8785462344451564,1.9461046724144955,2.0070469281821413
cotton,flood,0.25,5,2026-05,1.3300064864954562,1.4578368531899741,1.5660316684017155,1.6809964071773518,1.7956808629046572,1.9147872062951987,1.994443754069539,2.065902184108802
cotton,flood,0.25,6,2026-06,1.3148929563268257,1.447891327707426,1.5623806671776834,1.6918865188785548,1.8209009913312153,1.9540066586978724,2.038602587451722,2.1128222988170644
cotton,flood,0.25,7,2026-07,1.293111288304027,1.4355760363810124,1.559999823267462,1.6979884200957363,1.8443080197037134,1.9869613757437652,2.080675740610008,2.154649803085971
cotton,flood,0.25,8,2026-08,1.2789667728098684,1.4228397778041055,1.558934821744587,1.7087926536482887,1.8648898619563279,2.019760963091988,2.1211489329685818,2.2115379057973645
cotton,flood,0.25,9,2026-09,1.2648576245873238,1.416049421090991,1.5591973299183757,1.721515842544995,1.8884973711617428,2.0535786487406678,2.1612963958225087,2.265008070956286
cotton,flood,0.25,10,2026-10,1.2613445008869884,1.415957371980664,1.5592882437235709,1.727985976935307,1.9064682285333456,2.088147620319163,2.202642289442938,2.308148079844706
cotton,flood,0.25,11,2026-11,1.2454721737390098,1.4053277153868606,1.5616039013532483,1.7363771881162622,1.9267140474331137,2.116101113190298,2.2327827513263943,2.356579431552798
cotton,flood,0.25,12,2026-12,1.2306708819888206,1.3951888757552189,1.558224091144812,1.746712223832855,1.947061163917617,2.153432697502408,2.2874778090357872,2.404933018543593
cotton,flood,0.5,1,2026-01,1.4641176035084384,1.5542233452535696,1.6034370208126942,1.6475164990366917,1.6959228755794682,1.7360622045793714,1.774748987273044,1.816737010677462
cotton,flood,0.5,2,2026-02,1.4358794812449145,1.5244718283331422,1.596820373036945,1.6637303862750954,1.7340484699407845,1.8066702061462656,1.8541702166681344,1.9010886045974051
cotton,flood,0.5,3,2026-03,1.398155922083541,1.5079045544275047,1.5950476744988897,1.680757968260636,1.7709162280771933,1.8587014169019263,1.9155743390600843,1.9738830880083136
cotton,flood,0.5,4,2026-04,1.370592571141091,1.496632065630302,1.595053245914981,1.6962164637198112,1.8030726735273055,1.9079257391531195,1.9765407566252617,2.038436118181527
cotton,flood,0.5,5,2026-05,1.3560578976002873,1.486392132861052,1.5967062066171027,1.7139228093519105,1.8308536390133452,1.9522929697602383,2.033509784716981,2.1063679018681203
cotton,flood,0.5,6,2026-06,1.3458596317148062,1.481990210454078,1.5991758562614415,1.7317316639691258,1.8637845200936816,2.000024921716698,2.0866131454724033,2.1625807844528273
cotton,flood,0.5,7,2026-07,1.3287098837629492,1.4750966028101222,1.6029457035847887,1.744733045564284,1.8950807379445294,2.041661257221388,2.1379555235962924,2.213966048632248
cotton,flood,0.5,8,2026-08,1.3192843755947428,1.467692771804875,1.608078017836008,1.7626599040852513,1.9236778541781336,2.08343104581934,2.18801512679401,2.281253483031431
cotton,flood,0.5,9,2026-09,1.3098021380000295,1.4663662717484263,1.6146006922773886,1.782686910633147,1.9556018371333426,2.126548990483664,2.238094300157845,2.3454911890923653
cotton,flood,0.5,10,2026-10,1.3112414360637608,1.471970565167069,1.6209713956017977,1.796342563273838,1.9818853105032679,2.170751672088785,2.2897755820974552,2.3994550265491275
cotton,flood,0.5,11,2026-11,1.2997740747333024,1.4665992299774901,1.6296889716033647,1.8120822774357417,2.010717719015704,2.208361956559772,2.330130849871466,2.4593249971909286
cotton,flood,0.5,12,2026-12,1.2893198267050017,1.4616781024366559,1.6324829363929307,1.8299536738012647,2.039850458141501,2.2560568491535262,2.3964900246696086,2.5195426885333014
cotton,flood,0.75,1,2026-01,1.469808846456972,1.5602648426257237,1.609669819063498,1.6539206407772649,1.702515180107308,1.7428105366507516,1.78164770062437,1.8237989377225179
cotton,flood,0.75,2,2026-02,1.4470641316093953,1.5363465605882642,1.6092586575869918,1.6766898601824152,1.747555680054641,1.8207430965549725,1.868613104013865,1.9158969583847896
cotton,flood,0.75,3,2026-03,1.4145239025376488,1.5255573439938854,1.6137206341789962,1.7004343241935138,1.7916480518667994,1.8804609273981063,1.9379996514625826,1.9969910113042133
cotton,flood,0.75,4,2026-04,1.3920279397033304,1.5200386275833866,1.619999064915093,1.7227444238348304,1.8312718102476966,1.9377647243258476,2.00745284566517,2.0703162190983324
cotton,flood,0.75,5,2026-05,1.3826195889386694,1.5155067371200008,1.6279815802521769,1.7474941551774685,1.8667153594688535,1.9905333748024057,2.0733410185682906,2.1476262391068945
cotton,flood,0.75,6,2026-06,1.3775555945934297,1.516892146428773,1.6368375985278856,1.7725151909012526,1.9076779868197575,2.0471269479467913,2.1357543866854067,2.213511118234149
cotton,flood,0.75,7,2026-07,1.3652884876790792,1.515705147257321,1.64707385880287,1.792764523159934,1.9472511993443082,2.097866994358911,2.1968121854181013,2.2749152356341007
cotton,flood,0.75,8,2026-08,1.3608729332854648,1.5139596924488383,1.6587703830706118,1.8182252427387353,1.984319053980705,2.149108237065266,2.2569891819804235,2.3531667443731665
cotton,flood,0.75,9,2026-09,1.3563436764427772,1.5184710440859763,1.6719727166535723,1.8460315861192496,2.0250907434658862,2.2021122062699092,2.317621084308878,2.4288341347001285
cotton,flood,0.75,10,2026-10,1.3631122206831592,1.5301995579764163,1.6850946423380135,1.8674032357324108,2.060285781426508,2.2566234187772727,2.380355739785486,2.494373941908976
cotton,flood,0.75,11,2026-11,1.3564435087112845,1.5305421488670072,1.700742513427448,1.8910880669648846,2.0983839044252717,2.3046453218995744,2.431723271911385,2.5665502129172144
cotton,flood,0.75,12,2026-12,1.3507637499704135,1.5313359447381842,1.7102806667917294,1.917162084610905,2.137061725995245,2.3635716651445726,2.510697334704108,2.6396142056322094
cotton,flood,1.0,1,2026-01,1.4755222121135598,1.5663298241969856,1.6159268451283852,1.6603496763695573,1.709133109903616,1.7495851004928744,1.7885732303008468,1.8308883155286342
cotton,flood,1.0,2,2026-02,1.458335903773031,1.5483137899715786,1.6217938290036897,1.6897502807126612,1.7611681033319257,1.834925606441424,1.8831684928942478,1.9308206604738587
cotton,flood,1.0,3,2026-03,1.4310835002355236,1.5434167918521053,1.6326121951139678,1.7203410279754618,1.812622579693349,1.9024751728897666,1.960687493293511,2.0203694552415294
cotton,flood,1.0,4,2026-04,1.4137985464939633,1.543811256223832,1.6453350237974818,1.7496872677119848,1.8599119670797286,1.968070376003391,2.0388483840068985,2.102694908528852
cotton,flood,1.0,5,2026-05,1.4097015555897825,1.5451916216989374,1.6598695581296345,1.7817230774436859,1.9032795189214635,2.029522811163355,2.113952443988896,2.189692721204978
cotton,flood,1.0,6,2026-06,1.4099980202079356,1.5526160481129498,1.6753863019280848,1.814259199242613,1.952605176275292,2.095338260791712,2.1860529394936123,2.2656408980281824
cotton,flood,1.0,7,2026-07,1.4028740791105452,1.5574316211194332,1.6924168362564116,1.8421182791671076,2.00085788295255,2.155620042479584,2.2572891366250603,2.337542318012209
cotton,flood,1.0,8,2026-08,1.403772510922144,1.5616851117561443,1.7110607527954054,1.8755421994170693,2.0468718810890167,2.2168558080622334,2.3281375458498994,2.4273469686785845
cotton,flood,1.0,9,2026-09,1.4045389874193865,1.5724272687875462,1.7313833560240168,1.911627104357664,2.0970488170959873,2.2803604293640083,2.3999737142685356,2.5151385267694604
cotton,flood,1.0,10,2026-10,1.4170349373289806,1.5907320041861421,1.7517545104995984,1.9412749639848523,2.1417876597866017,2.3458921255944314,2.4745191154233175,2.593047710097239
cotton,flood,1.0,11,2026-11,1.4155836988074353,1.5972729438119166,1.7748939505516268,1.973538465415404,2.189872287248023,2.4051265889527365,2.5377450676135185,2.6784503890089177
cotton,flood,1.0,12,2026-12,1.4151358494943838,1.6043134064456652,1.7917859317198492,2.0085265060479314,2.2389057013889033,2.476210215345564,2.6303473169513216,2.765407860039624
cotton,flood,1.25,1,2026-01,1.4812577864724592,1.572418381253931,1.6222081931844743,1.6668037025796754,1.7157767645776227,1.7563859980725356,1.7955256805415203,1.838005250801003
cotton,flood,1.25,2,2026-02,1.469695476363015,1.560374236980907,1.6344266419783218,1.702912434180213,1.7748865593208398,1.8492185896764004,1.897837259629578,1.9458606093595356
cotton,flood,1.25,3,2026-03,1.4478369584085897,1.5614853173166552,1.6517249164325898,1.7404807762507044,1.8338426528529166,1.9247471355174262,1.983640937941528,2.0440215867607305
cotton,flood,1.25,4,2026-04,1.4359096344678501,1.5679556766478684,1.671067224150864,1.777051483921649,1.889000041352947,1.998849992611801,2.0707349325508826,2.13557998414307
cotton,flood,1.25,5,2026-05,1.4373139884107369,1.5754579569246319,1.6923821395931817,1.8166224563841276,1.9405598763469971,2.0692759504428224,2.1553593429278104,2.2325831776445395
cotton,flood,1.25,6,2026-06,1.4432044882929478,1.5891812733905977,1.7148428550350439,1.8569863090216074,1.9985904333744848,2.1446849847495395,2.237536059417948,2.3189983716517095
cotton,flood,1.25,7,2026-07,1.4414943798331254,1.6003068003376735,1.739008079289159,1.8928307151350616,2.0559403271244223,2.214962998147399,2.319430982833771,2.4018934872423277
cotton,flood,1.25,8,2026-08,1.4480244365381179,1.6109150068162845,1.7649995018220377,1.9346659913794177,2.1113965968265256,2.2867390245780403,2.401528760381539,2.5038656187207935
cotton,flood,1.25,9,2026-09,1.454446834857421,1.628300733989279,1.7929050490230574,1.9795534451265921,2.171563795584432,2.3613890668257094,2.48525260154747,2.6045095951441195
cotton,flood,1.25,10,2026-10,1.473090757417311,1.6536590250283292,1.821051345103112,2.0180689492681183,2.2265136327048904,2.4386921712918395,2.572407455848265,2.6956248675748475
cotton,flood,1.25,11,2026-11,1.4773023686280622,1.666913164673176,1.8522783495052244,2.059583655839604,2.285349513186598,2.509988783922514,2.648389355230643,2.795229351163849
cotton,flood,1.25,12,2026-12,1.4825756706663582,1.68076868759281,1.8771754177234872,2.1042449972694213,2.345603160983705,2.594216676821886,2.7556993478102387,2.897196346364297
cotton,flood,1.5,1,2026-01,1.4870156558622003,1.5785306054379802,1.628513957774963,1.673282816549868,1.7224462441257553,1.7632133317528906,1.8025051559906276,1.8451498506595954
cotton,flood,1.5,2,2026-02,1.4811435332926453,1.5725286277263222,1.6471578570807694,1.716177113024373,1.7887118739533803,1.8636229067818282,1.9126202873661657,1.9610177105354871
cotton,flood,1.5,3,2026-03,1.4647865465494116,1.5797653680245392,1.6710613872229458,1.7608562972326336,1.8553111459041602,1.94727983233303,2.0068630947749457,2.0679506098771343
cotton,flood,1.5,4,2026-04,1.4583665285769898,1.59247770348931,1.6972018629896914,1.8048436625121262,1.9185430382676134,2.0301109867207883,2.1031201704461804,2.1689793655625507
cotton,flood,1.5,5,2026-05,1.4654672778713598,1.6063171319218672,1.7255315590228488,1.8522054245230524,1.9785704602242726,2.109807751619501,2.197577296668176,2.276313747966647
cotton,flood,1.5,6,2026-06,1.477192992598492,1.626607636037803,1.7552286383626934,1.9007196729845843,2.0456586763717857,2.195193859569086,2.2902316438664774,2.37361245217793
cotton,flood,1.5,7,2026-07,1.4811778747868292,1.6443623080968706,1.786881951920497,1.9449392347263574,2.1125391586828237,2.275939630584771,2.3832835576273004,2.4680162064244504
cotton,flood,1.5,8,2026-08,1.4936713409740114,1.6616968040809015,1.8206385929562217,1.9956535765302605,2.1779553621689325,2.358825209790699,2.4772335282425475,2.582796410034866
cotton,flood,1.5,9,2026-09,1.5061280707582954,1.6861595654941903,1.8566128082657753,2.0498934301463985,2.2487265340934677,2.445296915838512,2.5735617256045398,2.697056308827147
cotton,flood,1.5,10,2026-10,1.5313640633861931,1.7190753463571176,1.8930894606665347,2.09790079177671,2.314591240624973,2.5351632504470447,2.6741681151942616,2.802259826686886
cotton,flood,1.5,11,2026-11,1.5417119384693916,1.7395896608187529,1.933036665643873,2.1493803691881777,2.384989493604514,2.619422912853849,2.76385767286502,2.917099811768012
cotton,flood,1.5,12,2026-12,1.5532294090614271,1.7608675274061134,1.9666342315362602,2.2045250561546332,2.4573854027901563,2.7178468631596373,2.8870251645411553,3.0352653547698965
cotton,flood,1.75,1,2026-01,1.4927959069468846,1.5846665887467772,1.6348442338105535,1.6797871157999913,1.7291416489331417,1.7700672042949959,1.8095117616991752,1.8523222226407743
cotton,flood,1.75,2,2026-02,1.4926807638024975,1.5847776939738645,1.6599882408053024,1.7295451158570756,1.802644879595064,1.87813942498259,1.9275184661295088,1.9762928765486385
cotton,flood,1.75,3,2026-03,1.4819345607191274,1.598259420266845,1.690624226883146,1.781470351073386,1.877030967057722,1.9700763157086525,2.0303571095629356,2.0921597661149374
cotton,flood,1.75,4,2026-04,1.4811746370529135,1.6173832423198777,1.7237452342465591,1.833070496596715,1.9485480725817466,2.0618608868288724,2.1360118969398245,2.2029010962676994
cotton,flood,1.75,5,2026-05,1.4941720179640956,1.6377807588991276,1.7593302904387487,1.88848537161714,2.017325573813979,2.151133466680055,2.2406221916904543,2.320900887844525
cotton,flood,1.75,6,2026-06,1.511981950640356,1.6649154164593392,1.7965655359514532,1.9454829891417298,2.0938354103644694,2.2468922547394885,2.3441682472512975,2.429512733603722
cotton,flood,1.75,7,2026-07,1.5219538330853586,1.6896306381495874,1.8360737641911145,1.9984822713044523,2.170696122883264,2.338594913955144,2.4488939563603824,2.5359592452898823
cotton,flood,1.75,8,2026-08,1.5407571989468778,1.7140794250528602,1.8780316270569863,2.058563708290753,2.246612297628012,2.433183809145357,2.5553247809008393,2.664215381932946
cotton,flood,1.75,9,2026-09,1.5596457093933431,1.7460743098370892,1.9225843118099213,2.122732824063079,2.3286311161653392,2.5321862841718135,2.6650087606276305,2.7928915088453725
cotton,flood,1.75,10,2026-10,1.591942575718936,1.787079441242258,1.9679772982369086,2.180890664678975,2.4061530693030027,2.6354505837498325,2.7799542767082728,2.913113108103932
cotton,flood,1.75,11,2026-11,1.608929730090666,1.8154348121792123,2.0173159998990977,2.2430921697949655,2.488973722304978,2.733628309550073,2.8843603455691977,3.0442837573503163
cotton,flood,1.75,12,2026-12,1.627250227362073,1.8447835635931935,2.0603563013522965,2.30958406911747,2.574494747574264,2.84736877901654,3.024609454335814,3.1799141902921604
cotton,flood,2.0,1,2026-01,1.4985986267274904,1.5908264235355747,1.6411991165708792,1.6863166982289752,1.735863079775121,1.7769477188593554,1.8165456031265181,1.8595224746989116
cotton,flood,2.0,2,2026-02,1.5043078625019246,1.597122173189598,1.6729185656167271,1.7430172475109698,1.8166864150950435,1.8927690182587362,1.9425326928778759,1.9916870270541154
cotton,flood,2.0,3,2026-03,1.4992833238584855,1.6169699793241907,1.7104160854761614,1.8023257302377418,1.8990050585701854,1.9931396737499836,2.054126164901672,2.116652334946323
cotton,flood,2.0,4,2026-04,1.5043394527091352,1.6426782910714204,1.7507037302879587,1.8617387839655897,1.979022370324552,2.094107339176448,2.1694180332550927,2.237353345534851
cotton,flood,2.0,5,2026-05,1.5234390101904909,1.6698606775182383,1.79379105219501,1.9254759496940133,2.0568398005409447,2.193268646358394,2.284510225650457,2.366361375275773
cotton,flood,2.0,6,2026-06,1.5475902136800794,1.7041253726781063,1.8388759472266458,1.991300513608425,2.143146741113205,2.2998081843210523,2.399375096461461,2.48672950688589
cotton,flood,2.0,7,2026-07,1.563852329603954,1.73614517878234,1.8866197982064123,2.053499316280762,2.2304541142036562,2.4029750605343065,2.516310570895246,2.605772716172029
cotton,flood,2.0,8,2026-08,1.5893273714139857,1.7681133334156074,1.937233894673966,2.123456992199828,2.317433545023189,2.5098864572557416,2.635877748884803,2.748200970758007
cotton,flood,2.0,9,2026-09,1.6150650041363135,1.8081180203010703,1.990899997867782,2.198160439019997,2.411374968437159,2.6221631149234654,2.7597052068194197,2.89213204583505
cotton,flood,2.0,10,2026-10,1.654917484992282,1.857773678203455,2.0458275886297668,2.2671634950172317,2.501336949392841,2.739705136607105,2.8899251833414414,3.0283515824584426
cotton,flood,2.0,11,2026-11,1.6790781804152302,1.894586770377201,2.1052698667220424,2.3408897533087054,2.5974916061210824,2.8528129986585835,3.0101168684522093,3.177012852930104
cotton,flood,2.0,12,2026-12,1.7047985873831717,1.9326987087534089,2.158544797222425,2.419649782355231,2.6971850641588024,2.983063201100574,3.168750471460319,3.3314564216702647
rubber,baseline,0.0,1,2026-01,1.790708372119832,1.8832872125307416,1.9859839030320678,2.0778958750039718,2.176866517974801,2.2601526873109057,2.3357432525036286,2.396830923973393
rubber,baseline,0.0,2,2026-02,1.6608478172583174,1.8269452252482747,1.950692065774636,2.089890645655914,2.2271756844853288,2.3624505763649073,2.4542015330483564,2.5465684227267578
rubber,baseline,0.0,3,2026-03,1.5880596245100516,1.7759104557757803,1.9260945563582301,2.0987633315980503,2.2732986143020093,2.4443779201221796,2.5581536832279306,2.668985106260038
rubber,baseline,0.0,4,2026-04,1.533958365958645,1.7321568902631532,1.9066685936691152,2.100713588230131,2.314609727661464,2.5271556523922873,2.662245580890739,2.791881203549205
rubber,baseline,0.0,5,2026-05,1.484701981697358,1.701092686716645,1.8871824640257673,2.104853829155348,2.350000179395785,2.5918739752737068,2.746954115462346,2.8971318262307704
rubber,baseline,0.0,6,2026-06,1.4519352676915982,1.6632127092274807,1.8748842045129823,2.111996323204673,2.3818813326678,2.654172811065525,2.8234780605384917,2.993573059514242
rubber,baseline,0.0,7,2026-07,1.410249768840749,1.6442442087223246,1.8591968106817411,2.1214916925638665,2.410236329360069,2.709725418310605,2.915682776877222,3.105526909670493
rubber,baseline,0.0,8,2026-08,1.390881878927895,1.6206357417830595,1.8457536647082133,2.1279785774610094,2.4407139110241403,2.776414848056548,2.9929702374342693,3.2172058588532826
rubber,baseline,0.0,9,2026-09,1.3597594839659093,1.6026972577967453,1.8440842707577345,2.1365415654325792,2.4688835974917027,2.822533537636799,3.07322133566495,3.301170585673562
rubber,baseline,0.0,10,2026-10,1.3214988290181675,1.5851077469220387,1.834469279106176,2.142461270586204,2.5002100337214586,2.8786079143832524,3.1318321657812898,3.368437451349027
rubber,baseline,0.0,11,2026-11,1.309743357249635,1.5611667702681655,1.8266051459637898,2.1503866758518537,2.5296535237207736,2.9403993776350115,3.2110654789429187,3.454338478183006
rubber,baseline,0.0,12,2026-12,1.2742083530250576,1.5389845552714716,1.813770652264516,2.1534914310164783,2.554803715072669,2.989783240290317,3.271753046565908,3.55958015300591
rubber,baseline,0.25,1,2026-01,1.790708372119832,1.8832872125307416,1.9859839030320678,2.0778958750039718,2.176866517974801,2.2601526873109057,2.3357432525036286,2.396830923973393
rubber,baseline,0.25,2,2026-02,1.6608478172583174,1.8269452252482747,1.950692065774636,2.089890645655914,2.2271756844853288,2.3624505763649073,2.4542015330483564,2.5465684227267578
rubber,baseline,0.25,3,2026-03,1.5880596245100516,1.7759104557757803,1.9260945563582301,2.0987633315980503,2.2732986143020093,2.4443779201221796,2.5581536832279306,2.668985106260038
rubber,baseline,0.25,4,2026-04,1.533958365958645,1.7321568902631532,1.9066685936691152,2.100713588230131,2.314609727661464,2.5271556523922873,2.662245580890739,2.791881203549205
rubber,baseline,0.25,5,2026-05,1.484701981697358,1.701092686716645,1.8871824640257673,2.104853829155348,2.350000179395785,2.5918739752737068,2.746954115462346,2.8971318262307704
rubber,baseline,0.25,6,2026-06,1.4519352676915982,1.6632127092274807,1.8748842045129823,2.111996323204673,2.3818813326678,2.654172811065525,2.8234780605384917,2.993573059514242
rubber,baseline,0.25,7,2026-07,1.410249768840749,1.6442442087223246,1.8591968106817411,2.1214916925638665,2.410236329360069,2.709725418310605,2.915682776877222,3.105526909670493
rubber,baseline,0.25,8,2026-08,1.390881878927895,1.6206357417830595,1.8457536647082133,2.1279785774610094,2.4407139110241403,2.776414848056548,2.9929702374342693,3.2172058588532826
rubber,baseline,0.25,9,2026-09,1.3597594839659093,1.6026972577967453,1.8440842707577345,2.1365415654325792,2.4688835974917027,2.822533537636799,3.07322133566495,3.301170585673562
rubber,baseline,0.25,10,2026-10,1.3214988290181675,1.5851077469220387,1.834469279106176,2.142461270586204,2.5002100337214586,2.8786079143832524,3.1318321657812898,3.368437451349027
rubber,baseline,0.25,11,2026-11,1.309743357249635,1.5611667702681655,1.8266051459637898,2.1503866758518537,2.5296535237207736,2.9403993776350115,3.2110654789429187,3.454338478183006
rubber,baseline,0.25,12,2026-12,1.2742083530250576,1.5389845552714716,1.813770652264516,2.1534914310164783,2.554803715072669,2.989783240290317,3.271753046565908,3.55958015300591
rubber,baseline,0.5,1,2026-01,1.790708372119832,1.8832872125307416,1.9859839030320678,2.0778958750039718,2.176866517974801,2.2601526873109057,2.3357432525036286,2.396830923973393
rubber,baseline,0.5,2,2026-02,1.6608478172583174,1.8269452252482747,1.950692065774636,2.089890645655914,2.2271756844853288,2.3624505763649073,2.4542015330483564,2.5465684227267578
rubber,baseline,0.5,3,2026-03,1.5880596245100516,1.7759104557757803,1.9260945563582301,2.0987633315980503,2.2732986143020093,2.4443779201221796,2.5581536832279306,2.668985106260038
rubber,baseline,0.5,4,2026-04,1.533958365958645,1.7321568902631532,1.9066685936691152,2.100713588230131,2.314609727661464,2.5271556523922873,2.662245580890739,2.791881203549205
rubber,baseline,0.5,5,2026-05,1.484701981697358,1.701092686716645,1.8871824640257673,2.104853829155348,2.350000179395785,2.5918739752737068,2.746954115462346,2.8971318262307704
rubber,baseline,0.5,6,2026-06,1.4519352676915982,1.6632127092274807,1.8748842045129823,2.111996323204673,2.3818813326678,2.654172811065525,2.8234780605384917,2.993573059514242
rubber,baseline,0.5,7,2026-07,1.410249768840749,1.6442442087223246,1.8591968106817411,2.1214916925638665,2.410236329360069,2.709725418310605,2.915682776877222,3.105526909670493
rubber,baseline,0.5,8,2026-08,1.390881878927895,1.6206357417830595,1.8457536647082133,2.1279785774610094,2.4407139110241403,2.776414848056548,2.9929702374342693,3.2172058588532826
rubber,baseline,0.5,9,2026-09,1.3597594839659093,1.6026972577967453,1.8440842707577345,2.1365415654325792,2.4688835974917027,2.822533537636799,3.07322133566495,3.301170585673562
rubber,baseline,0.5,10,2026-10,1.3214988290181675,1.5851077469220387,1.834469279106176,2.142461270586204,2.5002100337214586,2.8786079143832524,3.1318321657812898,3.368437451349027
rubber,baseline,0.5,11,2026-11,1.309743357249635,1.5611667702681655,1.8266051459637898,2.1503866758518537,2.5296535237207736,2.9403993776350115,3.2110654789429187,3.454338478183006
rubber,baseline,0.5,12,2026-12,1.2742083530250576,1.5389845552714716,1.813770652264516,2.1534914310164783,2.554803715072669,2.989783240290317,3.271753046565908,3.55958015300591
rubber,baseline,0.75,1,2026-01,1.790708372119832,1.8832872125307416,1.9859839030320678,2.0778958750039718,2.176866517974801,2.2601526873109057,2.3357432525036286,2.396830923973393
rubber,baseline,0.75,2,2026-02,1.6608478172583174,1.8269452252482747,1.950692065774636,2.089890645655914,2.2271756844853288,2.3624505763649073,2.4542015330483564,2.5465684227267578
rubber,baseline,0.75,3,2026-03,1.5880596245100516,1.7759104557757803,1.9260945563582301,2.0987633315980503,2.2732986143020093,2.4443779201221796,2.5581536832279306,2.668985106260038
rubber,baseline,0.75,4,2026-04,1.533958365958645,1.7321568902631532,1.9066685936691152,2.100713588230131,2.314609727661464,2.5271556523922873,2.662245580890739,2.791881203549205
rubber,baseline,0.75,5,2026-05,1.484701981697358,1.701092686716645,1.8871824640257673,2.104853829155348,2.350000179395785,2.5918739752737068,2.746954115462346,2.8971318262307704
rubber,baseline,0.75,6,2026-06,1.4519352676915982,1.6632127092274807,1.8748842045129823,2.111996323204673,2.3818813326678,2.654172811065525,2.8234780605384917,2.993573059514242
rubber,baseline,0.75,7,2026-07,1.410249768840749,1.6442442087223246,1.8591968106817411,2.1214916925638665,2.410236329360069,2.709725418310605,2.915682776877222,3.105526909670493
rubber,baseline,0.75,8,2026-08,1.390881878927895,1.6206357417830595,1.8457536647082133,2.1279785774610094,2.4407139110241403,2.776414848056548,2.9929702374342693,3.2172058588532826
rubber,baseline,0.75,9,2026-09,1.3597594839659093,1.6026972577967453,1.8440842707577345,2.1365415654325792,2.4688835974917027,2.822533537636799,3.07322133566495,3.301170585673562
rubber,baseline,0.75,10,2026-10,1.3214988290181675,1.5851077469220387,1.834469279106176,2.142461270586204,2.5002100337214586,2.8786079143832524,3.1318321657812898,3.368437451349027
rubber,baseline,0.75,11,2026-11,1.309743357249635,1.5611667702681655,1.8266051459637898,2.1503866758518537,2.5296535237207736,2.9403993776350115,3.2110654789429187,3.454338478183006
rubber,baseline,0.75,12,2026-12,1.2742083530250576,1.5389845552714716,1.813770652264516,2.1534914310164783,2.554803715072669,2.989783240290317,3.271753046565908,3.55958015300591
rubber,baseline,1.0,1,2026-01,1.790708372119832,1.8832872125307416,1.9859839030320678,2.0778958750039718,2.176866517974801,2.2601526873109057,2.3357432525036286,2.396830923973393
rubber,baseline,1.0,2,2026-02,1.6608478172583174,1.8269452252482747,1.950692065774636,2.089890645655914,2.2271756844853288,2.3624505763649073,2.4542015330483564,2.5465684227267578
rubber,baseline,1.0,3,2026-03,1.5880596245100516,1.7759104557757803,1.9260945563582301,2.0987633315980503,2.2732986143020093,2.4443779201221796,2.5581536832279306,2.668985106260038
rubber,baseline,1.0,4,2026-04,1.533958365958645,1.7321568902631532,1.9066685936691152,2.100713588230131,2.314609727661464,2.5271556523922873,2.662245580890739,2.791881203549205
rubber,baseline,1.0,5,2026-05,1.484701981697358,1.701092686716645,1.8871824640257673,2.104853829155348,2.350000179395785,2.5918739752737068,2.746954115462346,2.8971318262307704
rubber,baseline,1.0,6,2026-06,1.4519352676915982,1.6632127092274807,1.8748842045129823,2.111996323204673,2.3818813326678,2.654172811065525,2.8234780605384917,2.993573059514242
rubber,baseline,1.0,7,2026-07,1.410249768840749,1.6442442087223246,1.8591968106817411,2.1214916925638665,2.410236329360069,2.709725418310605,2.915682776877222,3.105526909670493
rubber,baseline,1.0,8,2026-08,1.390881878927895,1.6206357417830595,1.8457536647082133,2.1279785774610094,2.4407139110241403,2.776414848056548,2.9929702374342693,3.2172058588532826
rubber,baseline,1.0,9,2026-09,1.3597594839659093,1.6026972577967453,1.8440842707577345,2.1365415654325792,2.4688835974917027,2.822533537636799,3.07322133566495,3.301170585673562
rubber,baseline,1.0,10,2026-10,1.3214988290181675,1.5851077469220387,1.834469279106176,2.142461270586204,2.5002100337214586,2.8786079143832524,3.1318321657812898,3.368437451349027
rubber,baseline,1.0,11,2026-11,1.309743357249635,1.5611667702681655,1.8266051459637898,2.1503866758518537,2.5296535237207736,2.9403993776350115,3.2110654789429187,3.454338478183006
rubber,baseline,1.0,12,2026-12,1.2742083530250576,1.5389845552714716,1.813770652264516,2.1534914310164783,2.554803715072669,2.989783240290317,3.271753046565908,3.55958015300591
rubber,baseline,1.25,1,2026-01,1.790708372119832,1.8832872125307416,1.9859839030320678,2.0778958750039718,2.176866517974801,2.2601526873109057,2.3357432525036286,2.396830923973393
rubber,baseline,1.25,2,2026-02,1.6608478172583174,1.8269452252482747,1.950692065774636,2.089890645655914,2.2271756844853288,2.3624505763649073,2.4542015330483564,2.5465684227267578
rubber,baseline,1.25,3,2026-03,1.5880596245100516,1.7759104557757803,1.9260945563582301,2.0987633315980503,2.2732986143020093,2.4443779201221796,2.5581536832279306,2.668985106260038
rubber,baseline,1.25,4,2026-04,1.533958365958645,1.7321568902631532,1.9066685936691152,2.100713588230131,2.314609727661464,2.5271556523922873,2.662245580890739,2.791881203549205
rubber,baseline,1.25,5,2026-05,1.484701981697358,1.701092686716645,1.8871824640257673,2.104853829155348,2.350000179395785,2.5918739752737068,2.746954115462346,2.8971318262307704
rubber,baseline,1.25,6,2026-06,1.4519352676915982,1.6632127092274807,1.8748842045129823,2.111996323204673,2.3818813326678,2.654172811065525,2.8234780605384917,2.993573059514242
rubber,baseline,1.25,7,2026-07,1.410249768840749,1.6442442087223246,1.8591968106817411,2.1214916925638665,2.410236329360069,2.709725418310605,2.915682776877222,3.105526909670493
rubber,baseline,1.25,8,2026-08,1.390881878927895,1.6206357417830595,1.8457536647082133,2.1279785774610094,2.4407139110241403,2.776414848056548,2.9929702374342693,3.2172058588532826
rubber,baseline,1.25,9,2026-09,1.3597594839659093,1.6026972577967453,1.8440842707577345,2.1365415654325792,2.4688835974917027,2.822533537636799,3.07322133566495,3.301170585673562
rubber,baseline,1.25,10,2026-10,1.3214988290181675,1.5851077469220387,1.834469279106176,2.142461270586204,2.5002100337214586,2.8786079143832524,3.1318321657812898,3.368437451349027
rubber,baseline,1.25,11,2026-11,1.309743357249635,1.5611667702681655,1.8266051459637898,2.1503866758518537,2.5296535237207736,2.9403993776350115,3.2110654789429187,3.454338478183006
rubber,baseline,1.25,12,2026-12,1.2742083530250576,1.5389845552714716,1.813770652264516,2.1534914310164783,2.554803715072669,2.989783240290317,3.271753046565908,3.55958015300591
rubber,baseline,1.5,1,2026-01,1.790708372119832,1.8832872125307416,1.9859839030320678,2.0778958750039718,2.176866517974801,2.2601526873109057,2.3357432525036286,2.396830923973393
rubber,baseline,1.5,2,2026-02,1.6608478172583174,1.8269452252482747,1.950692065774636,2.089890645655914,2.2271756844853288,2.3624505763649073,2.4542015330483564,2.5465684227267578
rubber,baseline,1.5,3,2026-03,1.5880596245100516,1.7759104557757803,1.9260945563582301,2.0987633315980503,2.2732986143020093,2.4443779201221796,2.5581536832279306,2.668985106260038
rubber,baseline,1.5,4,2026-04,1.533958365958645,1.7321568902631532,1.9066685936691152,2.100713588230131,2.314609727661464,2.5271556523922873,2.662245580890739,2.791881203549205
rubber,baseline,1.5,5,2026-05,1.484701981697358,1.701092686716645,1.8871824640257673,2.104853829155348,2.350000179395785,2.5918739752737068,2.746954115462346,2.8971318262307704
rubber,baseline,1.5,6,2026-06,1.4519352676915982,1.6632127092274807,1.8748842045129823,2.111996323204673,2.3818813326678,2.654172811065525,2.8234780605384917,2.993573059514242
rubber,baseline,1.5,7,2026-07,1.410249768840749,1.6442442087223246,1.8591968106817411,2.1214916925638665,2.410236329360069,2.709725418310605,2.915682776877222,3.105526909670493
rubber,baseline,1.5,8,2026-08,1.390881878927895,1.6206357417830595,1.8457536647082133,2.1279785774610094,2.4407139110241403,2.776414848056548,2.9929702374342693,3.2172058588532826
rubber,baseline,1.5,9,2026-09,1.3597594839659093,1.6026972577967453,1.8440842707577345,2.1365415654325792,2.4688835974917027,2.822533537636799,3.07322133566495,3.301170585673562
rubber,baseline,1.5,10,2026-10,1.3214988290181675,1.5851077469220387,1.834469279106176,2.142461270586204,2.5002100337214586,2.8786079143832524,3.1318321657812898,3.368437451349027
rubber,baseline,1.5,11,2026-11,1.309743357249635,1.5611667702681655,1.8266051459637898,2.1503866758518537,2.5296535237207736,2.9403993776350115,3.2110654789429187,3.454338478183006
rubber,baseline,1.5,12,2026-12,1.2742083530250576,1.5389845552714716,1.813770652264516,2.1534914310164783,2.554803715072669,2.989783240290317,3.271753046565908,3.55958015300591
rubber,baseline,1.75,1,2026-01,1.790708372119832,1.8832872125307416,1.9859839030320678,2.0778958750039718,2.176866517974801,2.2601526873109057,2.3357432525036286,2.396830923973393
rubber,baseline,1.75,2,2026-02,1.6608478172583174,1.8269452252482747,1.950692065774636,2.089890645655914,2.2271756844853288,2.3624505763649073,2.4542015330483564,2.5465684227267578
rubber,baseline,1.75,3,2026-03,1.5880596245100516,1.7759104557757803,1.9260945563582301,2.0987633315980503,2.2732986143020093,2.4443779201221796,2.5581536832279306,2.668985106260038
rubber,baseline,1.75,4,2026-04,1.533958365958645,1.7321568902631532,1.9066685936691152,2.100713588230131,2.314609727661464,2.5271556523922873,2.662245580890739,2.791881203549205
rubber,baseline,1.75,5,2026-05,1.484701981697358,1.701092686716645,1.8871824640257673,2.104853829155348,2.350000179395785,2.5918739752737068,2.746954115462346,2.8971318262307704
rubber,baseline,1.75,6,2026-06,1.4519352676915982,1.6632127092274807,1.8748842045129823,2.111996323204673,2.3818813326678,2.654172811065525,2.8234780605384917,2.993573059514242
rubber,baseline,1.75,7,2026-07,1.410249768840749,1.6442442087223246,1.8591968106817411,2.1214916925638665,2.410236329360069,2.709725418310605,2.915682776877222,3.105526909670493
rubber,baseline,1.75,8,2026-08,1.390881878927895,1.6206357417830595,1.8457536647082133,2.1279785774610094,2.4407139110241403,2.776414848056548,2.9929702374342693,3.2172058588532826
rubber,baseline,1.75,9,2026-09,1.3597594839659093,1.6026972577967453,1.8440842707577345,2.1365415654325792,2.4688835974917027,2.822533537636799,3.07322133566495,3.301170585673562
rubber,baseline,1.75,10,2026-10,1.3214988290181675,1.5851077469220387,1.834469279106176,2.142461270586204,2.5002100337214586,2.8786079143832524,3.1318321657812898,3.368437451349027
rubber,baseline,1.75,11,2026-11,1.309743357249635,1.5611667702681655,1.8266051459637898,2.1503866758518537,2.5296535237207736,2.9403993776350115,3.2110654789429187,3.454338478183006
rubber,baseline,1.75,12,2026-12,1.2742083530250576,1.5389845552714716,1.813770652264516,2.1534914310164783,2.554803715072669,2.989783240290317,3.271753046565908,3.55958015300591
rubber,baseline,2.0,1,2026-01,1.790708372119832,1.8832872125307416,1.9859839030320678,2.0778958750039718,2.176866517974801,2.2601526873109057,2.3357432525036286,2.396830923973393
rubber,baseline,2.0,2,2026-02,1.6608478172583174,1.8269452252482747,1.950692065774636,2.089890645655914,2.2271756844853288,2.3624505763649073,2.4542015330483564,2.5465684227267578
rubber,baseline,2.0,3,2026-03,1.5880596245100516,1.7759104557757803,1.9260945563582301,2.0987633315980503,2.2732986143020093,2.4443779201221796,2.5581536832279306,2.668985106260038
rubber,baseline,2.0,4,2026-04,1.533958365958645,1.7321568902631532,1.9066685936691152,2.100713588230131,2.314609727661464,2.5271556523922873,2.662245580890739,2.791881203549205
rubber,baseline,2.0,5,2026-05,1.484701981697358,1.701092686716645,1.8871824640257673,2.104853829155348,2.350000179395785,2.5918739752737068,2.746954115462346,2.8971318262307704
rubber,baseline,2.0,6,2026-06,1.4519352676915982,1.6632127092274807,1.8748842045129823,2.111996323204673,2.3818813326678,2.654172811065525,2.8234780605384917,2.993573059514242
rubber,baseline,2.0,7,2026-07,1.410249768840749,1.6442442087223246,1.8591968106817411,2.1214916925638665,2.410236329360069,2.709725418310605,2.915682776877222,3.105526909670493
rubber,baseline,2.0,8,2026-08,1.390881878927895,1.6206357417830595,1.8457536647082133,2.1279785774610094,2.4407139110241403,2.776414848056548,2.9929702374342693,3.2172058588532826
rubber,baseline,2.0,9,2026-09,1.3597594839659093,1.6026972577967453,1.8440842707577345,2.1365415654325792,2.4688835974917027,2.822533537636799,3.07322133566495,3.301170585673562
rubber,baseline,2.0,10,2026-10,1.3214988290181675,1.5851077469220387,1.834469279106176,2.142461270586204,2.5002100337214586,2.8786079143832524,3.1318321657812898,3.368437451349027
rubber,baseline,2.0,11,2026-11,1.309743357249635,1.5611667702681655,1.8266051459637898,2.1503866758518537,2.5296535237207736,2.9403993776350115,3.2110654789429187,3.454338478183006
rubber,baseline,2.0,12,2026-12,1.2742083530250576,1.5389845552714716,1.813770652264516,2.1534914310164783,2.554803715072669,2.989783240290317,3.271753046565908,3.55958015300591
rubber,el_nino,0.0,1,2026-01,1.790708372119832,1.8832872125307416,1.9859839030320678,2.0778958750039718,2.176866517974801,2.2601526873109057,2.3357432525036286,2.396830923973393
rubber,el_nino,0.0,2,2026-02,1.6608478172583174,1.8269452252482747,1.950692065774636,2.089890645655914,2.2271756844853288,2.3624505763649073,2.4542015330483564,2.5465684227267578
rubber,el_nino,0.0,3,2026-03,1.5880596245100516,1.7759104557757803,1.9260945563582301,2.0987633315980503,2.2732986143020093,2.4443779201221796,2.5581536832279306,2.668985106260038
rubber,el_nino,0.0,4,2026-04,1.533958365958645,1.7321568902631532,1.9066685936691152,2.100713588230131,2.314609727661464,2.5271556523922873,2.662245580890739,2.791881203549205
rubber,el_nino,0.0,5,2026-05,1.484701981697358,1.701092686716645,1.8871824640257673,2.104853829155348,2.350000179395785,2.5918739752737068,2.746954115462346,2.8971318262307704
rubber,el_nino,0.0,6,2026-06,1.4519352676915982,1.6632127092274807,1.8748842045129823,2.111996323204673,2.3818813326678,2.654172811065525,2.8234780605384917,2.993573059514242
rubber,el_nino,0.0,7,2026-07,1.410249768840749,1.6442442087223246,1.8591968106817411,2.1214916925638665,2.410236329360069,2.709725418310605,2.915682776877222,3.105526909670493
rubber,el_nino,0.0,8,2026-08,1.390881878927895,1.6206357417830595,1.8457536647082133,2.1279785774610094,2.4407139110241403,2.776414848056548,2.9929702374342693,3.2172058588532826
rubber,el_nino,0.0,9,2026-09,1.3597594839659093,1.6026972577967453,1.8440842707577345,2.1365415654325792,2.4688835974917027,2.822533537636799,3.07322133566495,3.301170585673562
rubber,el_nino,0.0,10,2026-10,1.3214988290181675,1.5851077469220387,1.834469279106176,2.142461270586204,2.5002100337214586,2.8786079143832524,3.1318321657812898,3.368437451349027
rubber,el_nino,0.0,11,2026-11,1.309743357249635,1.5611667702681655,1.8266051459637898,2.1503866758518537,2.5296535237207736,2.9403993776350115,3.2110654789429187,3.454338478183006
rubber,el_nino,0.0,12,2026-12,1.2742083530250576,1.5389845552714716,1.813770652264516,2.1534914310164783,2.554803715072669,2.989783240290317,3.271753046565908,3.55958015300591
rubber,el_nino,0.25,1,2026-01,1.8025163215079374,1.8957056277428759,1.9990795012755913,2.0915975417341914,2.1912207981407437,2.275056157332417,2.351145167487989,2.4126356516905147
rubber,el_nino,0.25,2,2026-02,1.6828233276472815,1.851118453740568,1.976502650773245,2.1175430368733252,2.256644562900239,2.393709344714931,2.486674304319565,2.580263346637499
rubber,el_nino,0.25,3,2026-03,1.6196822753524693,1.8112737352167034,1.964448415813595,2.1405555030075276,2.3185662649815635,2.493052232032091,2.6090935846506627,2.722131967257095
rubber,el_nino,0.25,4,2026-04,1.574820064934116,1.7782982165200674,1.957458575880792,2.1566725556837856,2.376266476655621,2.5944742158056293,2.733162680037137,2.866251546217149
rubber,el_nino,0.25,5,2026-05,1.53430251598438,1.7579223449059813,1.9502289606740466,2.17517223366292,2.4285083688570612,2.6784626210511115,2.8387236378772758,2.9939184462073265
rubber,el_nino,0.25,6,2026-06,1.5103350644746676,1.7301105154777074,1.9502958698756026,2.1969451214233695,2.477685456229273,2.7609290530568167,2.9370441048560596,3.113980671493289
rubber,el_nino,0.25,7,2026-07,1.4766461241633229,1.7216573203083332,1.9467301645486192,2.2213742235492444,2.5237133256138,2.837302742325098,3.0529568356565995,3.251739072022267
rubber,el_nino,0.25,8,2026-08,1.4659696641144155,1.7081269588937487,1.9453980391030203,2.2428590721505177,2.572477653603056,2.9263016535847295,3.154547945550894,3.390889092555772
rubber,el_nino,0.25,9,2026-09,1.4426174222750154,1.7003587869720227,1.9564548940517792,2.266733287800365,2.6193268245664547,2.994526682376473,3.260490324661492,3.502329828878689
rubber,el_nino,0.25,10,2026-10,1.4112702957390015,1.692786576616856,1.9590876247478641,2.288001990282492,2.6700531822046685,3.0741562182590716,3.3445823861159965,3.5972606359973676
rubber,el_nino,0.25,11,2026-11,1.4079394058799988,1.678212913121129,1.9635521338975077,2.311608699561487,2.7193105119072856,3.160851421679169,3.451810308974122,3.7133223373580555
rubber,el_nino,0.25,12,2026-12,1.3787722989372042,1.665276536810436,1.962612100313551,2.330211008297926,2.764455736929847,3.2351305041695477,3.5402392857173237,3.851686028552262
rubber,el_nino,0.5,1,2026-01,1.8144021326355213,1.9082059301123993,2.0122614520283637,2.105389557395483,2.205669730577454,2.2900579009882405,2.3666486428578626,2.4285445959444445
rubber,el_nino,0.5,2,2026-02,1.7050896070349686,1.8756115303419698,2.002654748566036,2.1455613107466682,2.2865033588241648,2.4253817135053355,2.5195767391126296,2.6144041049845814
rubber,el_nino,0.5,3,2026-03,1.6519346204650944,1.8473411951689525,2.0035660064836427,2.183179871913895,2.3647353195440712,2.5426957838538833,2.6610478401264634,2.776337128964492
rubber,el_nino,0.5,4,2026-04,1.6167702409375269,1.8256686589157762,2.0096015054801937,2.2141221623450047,2.439565642792978,2.6635860162029092,2.8059688742345092,2.942602971698185
rubber,el_nino,0.5,5,2026-05,1.5855600919079633,1.8166505534066182,2.0153816981418506,2.247839816979966,2.509639339314921,2.767943997589769,2.9335589724209403,3.0939384881917014
rubber,el_nino,0.5,6,2026-06,1.5710838201543182,1.7996990878916745,2.0287407461741704,2.2853107335065195,2.577343016973152,2.8719792487637776,3.0551780070232044,3.2392313231223686
rubber,el_nino,0.5,7,2026-07,1.5461685044621283,1.8027151397872672,2.038384700204947,2.325959351311699,2.6425329633844266,2.970886569246755,3.196693931966399,3.4048350892049277
rubber,el_nino,0.5,8,2026-08,1.545111118825025,1.8003414539589822,2.050421788621594,2.363941475167437,2.711354759112376,3.0842802089777295,3.3248485455405112,3.5739487438680775
rubber,el_nino,0.5,9,2026-09,1.530524369634466,1.803971392830344,2.075672903433176,2.4048583379570068,2.7789374196757555,3.1770003551392825,3.4591706864195073,3.715746857640996
rubber,el_nino,0.5,10,2026-10,1.5071400775398398,1.8077801963547857,2.0921714880449027,2.443429516979924,2.8514340393993955,3.2829884219524543,3.57178505915459,3.841628134764303
rubber,el_nino,0.5,11,2026-11,1.5134975563398887,1.8040344154152899,2.1107665173575985,2.484918103285569,2.923186749026778,3.3978315278950486,3.7106046224452687,3.991723123894687
rubber,el_nino,0.5,12,2026-12,1.4919169598939201,1.80193227706706,2.1236677589242547,2.5214325281200938,2.9913121999773553,3.5006114282693033,3.830758013136561,4.167762664373993
rubber,el_nino,0.75,1,2026-01,1.8263663189236934,1.9207886596040677,2.0255303246997185,2.119272517749626,2.220213939422975,2.3051585662957295,2.382254348303475,2.444558443940097
rubber,el_nino,0.75,2,2026-02,1.7276505027318216,1.9004286871232163,2.0291528778800574,2.1739503084528558,2.316757231451212,2.457473155290968,2.552914522521083,2.6489965968270193
rubber,el_nino,0.75,3,2026-03,1.6848291987990698,1.8841268578103443,2.0434625363650802,2.2266530096665322,2.411823727429101,2.5933278758297162,2.7140366482445786,2.8316216650707293
rubber,el_nino,0.75,4,2026-04,1.659837888902276,1.8743009587389514,2.063133422382167,2.2731021159737463,2.5045509769056222,2.734538821966538,2.8807144853397086,3.020988252226131
rubber,el_nino,0.75,5,2026-05,1.6385300674803716,1.877340738489263,2.082711041169897,2.3229350598558356,2.5934807119488017,2.8604147444800314,3.0315625409406097,3.1972999734980307
rubber,el_nino,0.75,6,2026-06,1.634276014646607,1.8720866545706278,2.110340835336871,2.377230590674213,2.681009007999597,2.9874961097596926,3.1780634955959335,3.3695198113305636
rubber,el_nino,0.75,7,2026-07,1.6189640869745991,1.8875892646489139,2.1343544481384344,2.435468480097094,2.7669467810393744,3.110759692882802,3.3471983538453887,3.5651390618717334
rubber,el_nino,0.75,8,2026-08,1.6285250834019929,1.8975342166265505,2.161115322801833,2.4915606011119786,2.8577292477020255,3.2507873533265155,3.5043429491613987,3.766891005617908
rubber,el_nino,0.75,9,2026-09,1.6237879911021988,1.9138977085803701,2.2021555493794507,2.5514001390315686,2.9482740030932777,3.3705931945628897,3.6699577812813526,3.9421686090853796
rubber,el_nino,0.75,10,2026-10,1.6095224424300345,1.930585511177668,2.234295944752021,2.609415476824653,3.0451363797675506,3.50600692139763,3.814421962442728,4.102595897036208
rubber,el_nino,0.75,11,2026-11,1.6269697711991251,1.9392891965954515,2.2690180789620342,2.671221120256086,3.1423483019937986,3.6525788630154303,3.9888016523724388,4.2909965928711
rubber,el_nino,0.75,12,2026-12,1.6143464855907226,1.9498022456709199,2.2979399493021795,2.7283460472989245,3.2367849331784897,3.7878782188032023,4.1451172564558965,4.509777146367972
rubber,el_nino,1.0,1,2026-01,1.8384093971790667,1.9334543597431713,2.038886692453678,2.133247022486859,2.234854052930926,2.3203588055452706,2.3979629579309947,2.460677887413821
rubber,el_nino,1.0,2,2026-02,1.750509912953979,1.925574212151694,2.0560016172319022,2.2027149352248383,2.34741140823937,2.489989215036794,2.5866934148607856,2.6840467992772346
rubber,el_nino,1.0,3,2026-03,1.7183787989906691,1.9216450245389645,2.0841535162878086,2.2709918175961317,2.459849795499107,2.6449681925228457,2.76808060980392,2.888007068899621
rubber,el_nino,1.0,4,2026-04,1.7040527761309916,1.9242287294431875,2.118091326535536,2.3336531820682804,2.5712673952636145,2.8073816739367126,2.957451175687016,3.1014615657855593
rubber,el_nino,1.0,5,2026-05,1.6932696500998166,1.9400584453528353,2.1522897052257006,2.400539064904164,2.680123035163514,2.9559747298223327,3.1328401869657547,3.304114532188173
rubber,el_nino,1.0,6,2026-06,1.7000099280424477,1.947385796770708,2.1952230464581897,2.472847651910416,2.7888446565472647,3.107659294429462,3.3058916890673773,3.505048768176613
rubber,el_nino,1.0,7,2026-07,1.6951869782299638,1.9764593714114398,2.234842574039285,2.550133438145185,2.8972181596927875,3.2572182213330985,3.5047887156007667,3.7329903497475
rubber,el_nino,1.0,8,2026-08,1.7164422124450474,1.999974002348652,2.277784729154962,2.6260693397977555,3.01200587113326,3.426283508802917,3.6935274906908027,3.9702493978265236
rubber,el_nino,1.0,9,2026-09,1.7227346995313981,2.03052246475046,2.3363455078310387,2.7068715718949283,3.127929235027493,3.5759827551972663,3.89358934188024,4.182387535496545
rubber,el_nino,1.0,10,2026-10,1.7188598002878497,2.061733181658144,2.3860751364126163,2.786677120569456,3.2519972207868393,3.744175413685362,4.073541567198682,4.381291604480345
rubber,el_nino,1.0,11,2026-11,1.7489493955953805,2.084684502632442,2.4391343146288538,2.871491927185727,3.377941164494808,3.926425498444893,4.287856088392444,4.61270764242444
rubber,el_nino,1.0,12,2026-12,1.7468228095781015,2.109806703396921,2.4865132450255585,2.952239280962079,3.502401622849861,4.0987186651496925,4.485273413472578,4.879857983217878
rubber,el_nino,1.25,1,2026-01,1.8505318876160832,1.9462035776390103,2.052331132233716,2.1473136752517825,2.2495907034976357,2.33565927532846,2.4137751502916536,2.4769036226632837
rubber,el_nino,1.25,2,2026-02,1.7736717874968297,1.9510524502323594,2.0832056057188133,2.2318601611991644,2.3784711858137495,2.522935511075993,2.620919252665224,2.7195607685338223
rubber,el_nino,1.25,3,2026-03,1.7525964643332155,1.959910281533212,2.12565476594517,2.3162135335855343,2.5088321951567147,2.697636810470522,2.823200735822175,2.9455152617663862
rubber,el_nino,1.25,4,2026-04,1.74944546286996,1.975486479879799,2.1745132034965597,2.3958172120413046,2.639761010620016,2.8821649193072383,3.0362319837958807,3.1840785335582944
rubber,el_nino,1.25,5,2026-05,1.7498379583342631,2.004871408913064,2.224192835036039,2.4807356441934245,2.769659882381222,3.0547271580844035,3.237501290018711,3.4144975236318076
rubber,el_nino,1.25,6,2026-06,1.7683877934583925,2.0257136239957174,2.2835193931751423,2.572310626300906,2.901017674743076,3.2326556873845287,3.438861393106126,3.6460289759937985
rubber,el_nino,1.25,7,2026-07,1.7749985402891288,2.0695135959923365,2.340061808897166,2.6701969684645324,3.033622880777126,3.4105722038439907,3.6697986323071263,3.9087442900451235
rubber,el_nino,1.25,8,2026-08,1.8091056126127851,2.1079440755390055,2.4007526195524993,2.7678396320555247,3.174611231990016,3.611253953809664,3.8929252993783927,4.184586242987453
rubber,el_nino,1.25,9,2026-09,1.8277107979811058,2.154253835705006,2.4787124295104572,2.8718167701888104,3.318531889869984,3.7938878788742643,4.130848055126762,4.437244377818548
rubber,el_nino,1.25,10,2026-10,1.835624614581301,2.201789916965262,2.5481649241584137,2.9759804229240823,3.4729104398314674,3.998523061345668,4.350263568918051,4.678919543930048
rubber,el_nino,1.25,11,2026-11,1.8800742598302873,2.2409806042056024,2.622004760544491,3.086777738228695,3.6311972493783284,4.220803375648594,4.60933168332118,4.958538496588361
rubber,el_nino,1.25,12,2026-12,1.8901703911138792,2.2829414293586034,2.6905612218304746,3.19450561657459,3.7898153201348017,4.435067266062835,4.853343427685012,5.280308353053209
rubber,el_nino,1.5,1,2026-01,1.8627343138794836,1.9590368640085307,2.0658642247876764,2.161473083669438,2.2644245276894592,2.3510606365664652,2.4296916084110576,2.4932363505775457
rubber,el_nino,1.5,2,2026-02,1.797140128417488,1.9768678036584622,2.110769543820254,2.261391022274751,2.4099419308817622,2.556317736080726,2.655597949693985,2.7555446409279774
rubber,el_nino,1.5,3,2026-03,1.787495497848008,1.9989375054225609,2.167982420044268,2.36233573877141,2.5587899696037124,2.7513542059892715,2.87941845570439,3.0041686015001434
rubber,el_nino,1.5,4,2026-04,1.7960473234316197,2.028109638149492,2.2324380506836174,2.4596371721466124,2.7100791640828903,2.958940246424278,3.1171113610298447,3.2688962583674086
rubber,el_nino,1.5,5,2026-05,1.8082960857692831,2.0718496269559714,2.298498085743007,2.5636114097636864,2.862187953100429,3.1567786815617587,3.3456588837442,3.528568161094171
rubber,el_nino,1.5,6,2026-06,1.8395159560353807,2.1071919561324726,2.3753671989823864,2.6757742043140906,3.0177025204376395,3.3626796901164395,3.5771794097501015,3.792679695210606
rubber,el_nino,1.5,7,2026-07,1.8585677323443517,2.1669489319877155,2.450234899347689,2.795913242713715,3.1764497098659477,3.571146287175247,3.8425774260616916,4.092772949706066
rubber,el_nino,1.5,8,2026-08,1.9067715148562638,2.2217429928498538,2.5303590223060435,2.9172634982164114,3.3459949633117043,3.806210164862357,4.1030877459926325,4.4104942209892295
rubber,el_nino,1.5,9,2026-09,1.939083691740457,2.2855248682117195,2.6297545836503735,3.0468130247362257,3.5207490568395965,4.025071210578322,4.382564301530649,4.707631108159556
rubber,el_nino,1.5,10,2026-10,1.960321443955157,2.3513609237015816,2.721265722785862,3.178143392449279,3.7088306367531714,4.270148939516722,4.645783725749469,4.996765811292576
rubber,el_nino,1.5,11,2026-11,2.021030014578049,2.408994772150975,2.8185856445400708,3.318204280853608,3.903440830315564,4.537251793760628,4.954909430002292,5.330297501626564
rubber,el_nino,1.5,12,2026-12,2.0452813461409383,2.470283918185748,2.9113537612961675,3.456652785610598,4.100814728678003,4.799017268920967,5.251617962976454,5.713620437154146
rubber,el_nino,1.75,1,2026-01,1.8750172030669279,1.9719547732001104,2.07948655469286,2.1757258593715516,2.2793561662702797,2.366563554538575,2.445713019818689,2.5096767766673356
rubber,el_nino,1.75,2,2026-02,1.8209189907262915,2.003024732972202,2.1386981942100913,2.2913126209830206,2.4418290811604173,2.5901416580457557,2.690735497954577,2.7920046339837703
rubber,el_nino,1.75,3,2026-03,1.8230894674562212,2.038741869071245,2.2111529345787653,2.409376364379394,2.6097425412446054,2.8061412631356046,2.9367556255742215,3.0639898911361056
rubber,el_nino,1.75,4,2026-04,1.8438905678797168,2.082134576089398,2.2919059043312706,2.525157173176317,2.78227045783632,3.03776072051207,3.200145209231991,3.355973364145293
rubber,el_nino,1.75,5,2026-05,1.868707166988928,2.1410654357352517,2.3752857067713116,2.64925586716733,2.9578071773311114,3.2622395155618173,3.4574297779852907,3.646449640485987
rubber,el_nino,1.75,6,2026-06,1.9135050383327454,2.191947512912015,2.470909310805519,2.78339929838441,3.1390806685320127,3.497933523341095,3.721060859036833,3.945229005357001
rubber,el_nino,1.75,7,2026-07,1.9460714684018618,2.2689716477031014,2.5655950792217768,2.9275483992767306,3.3260010079838063,3.7392804028695794,4.023490865490947,4.28546591305729
rubber,el_nino,1.75,8,2026-08,2.0097099829436216,2.341685428734746,2.666962322406656,3.074754122118563,3.5266309719093503,4.011691230913943,4.324595967460024,4.648598007981769
rubber,el_nino,1.75,9,2026-09,2.0572431742084993,2.4247949970597134,2.790000601883444,3.2324728039985597,3.7352884747244524,4.270341867623594,4.649619061445102,4.994494051600289
rubber,el_nino,1.75,10,2026-10,2.093489122506114,2.5110925210935933,2.906125527355737,3.394039606297059,3.9607772588533705,4.560226785216848,4.961379025548691,5.33620386896647
rubber,el_nino,1.75,11,2026-11,2.1725537161463295,2.589605550962768,3.029904886197693,3.5669816822617824,4.1960954664149,4.8774254585646455,5.326396351202853,5.729928581858313
rubber,el_nino,1.75,12,2026-12,2.213120999322679,2.673000085754099,3.150264953884551,3.7403122468388736,4.437335336526182,5.192833696938874,5.682575659438146,6.182490929907359
rubber,el_nino,2.0,1,2026-01,1.8873810857517626,1.984957863217507,2.093198710381277,2.1900726180229557,2.2943862642291806,2.3821686989109363,2.4618400765776087,2.5262256110955295
rubber,el_nino,2.0,2,2026-02,1.8450124830874544,2.0295277577354494,2.166996382579515,2.3216301273695468,2.4741381463158847,2.6244131212850754,2.726337968737761,2.8289470474924507
rubber,el_nino,2.0,3,2026-03,1.8593922112537933,2.0793388474771084,2.2551830932265835,2.4573536986953206,2.661709719237588,2.862019281825246,2.99523453677108,3.1250023877808633
rubber,el_nino,2.0,4,2026-04,1.8930082642921124,2.137598634412399,2.352957867162323,2.592422500949146,2.856384788733042,3.118680820350308,3.2853909193629263,3.445370036453087
rubber,el_nino,2.0,5,2026-05,1.9311364457608693,2.2125935880951855,2.4546386284973902,2.737761512134747,3.0566208235188057,3.3712235574360774,3.5729346849376458,3.7682692734146452
rubber,el_nino,2.0,6,2026-06,1.9904701123747022,2.280112110991333,2.5702943211647318,2.895353293172499,3.2653408932177803,3.6386275415038916,3.870729513570365,4.103914159786667
rubber,el_nino,2.0,7,2026-07,2.0376949918046328,2.3757977228185596,2.686386563296178,3.065381106671671,3.4825933716974067,3.915330486879698,4.212921940074184,4.487231106552073
rubber,el_nino,2.0,8,2026-08,2.1182056602349215,2.4681030455799475,2.8109402525237517,3.2407469936347053,3.717018748803083,4.228265344032525,4.558062473813124,4.899556003718169
rubber,el_nino,2.0,9,2026-09,2.18260279113004,2.5725516530328814,2.9600113283973566,3.4294458976506794,3.9629010088931746,4.530558271479336,4.932946998405253,5.298837198232145
rubber,el_nino,2.0,10,2026-10,2.23570308816745,2.6816749338360792,3.1035431453943487,3.624601985071365,4.229839006071085,4.870010069241932,5.298413203938694,5.698700480782932
rubber,el_nino,2.0,11,2026-11,2.3354376805367068,2.783757352694206,3.2570674718321992,3.8344107971309143,4.510691445999007,5.243103134934721,5.725734948518311,6.159521404420289
rubber,el_nino,2.0,12,2026-12,2.394733891689004,2.8923515251999343,3.4087816505181014,4.047249339618478,4.801471461533562,5.618967445417612,6.1488985590522605,6.689837821538086
rubber,drought,0.0,1,2026-01,1.790708372119832,1.8832872125307416,1.9859839030320678,2.0778958750039718,2.176866517974801,2.2601526873109057,2.3357432525036286,2.396830923973393
rubber,drought,0.0,2,2026-02,1.6608478172583174,1.8269452252482747,1.950692065774636,2.089890645655914,2.2271756844853288,2.3624505763649073,2.4542015330483564,2.5465684227267578
rubber,drought,0.0,3,2026-03,1.5880596245100516,1.7759104557757803,1.9260945563582301,2.0987633315980503,2.2732986143020093,2.4443779201221796,2.5581536832279306,2.668985106260038
rubber,drought,0.0,4,2026-04,1.533958365958645,1.7321568902631532,1.9066685936691152,2.100713588230131,2.314609727661464,2.5271556523922873,2.662245580890739,2.791881203549205
rubber,drought,0.0,5,2026-05,1.484701981697358,1.701092686716645,1.8871824640257673,2.104853829155348,2.350000179395785,2.5918739752737068,2.746954115462346,2.8971318262307704
rubber,drought,0.0,6,2026-06,1.4519352676915982,1.6632127092274807,1.8748842045129823,2.111996323204673,2.3818813326678,2.654172811065525,2.8234780605384917,2.993573059514242
rubber,drought,0.0,7,2026-07,1.410249768840749,1.6442442087223246,1.8591968106817411,2.1214916925638665,2.410236329360069,2.709725418310605,2.915682776877222,3.105526909670493
rubber,drought,0.0,8,2026-08,1.390881878927895,1.6206357417830595,1.8457536647082133,2.1279785774610094,2.4407139110241403,2.776414848056548,2.9929702374342693,3.2172058588532826
rubber,drought,0.0,9,2026-09,1.3597594839659093,1.6026972577967453,1.8440842707577345,2.1365415654325792,2.4688835974917027,2.822533537636799,3.07322133566495,3.301170585673562
rubber,drought,0.0,10,2026-10,1.3214988290181675,1.5851077469220387,1.834469279106176,2.142461270586204,2.5002100337214586,2.8786079143832524,3.1318321657812898,3.368437451349027
rubber,drought,0.0,11,2026-11,1.309743357249635,1.5611667702681655,1.8266051459637898,2.1503866758518537,2.5296535237207736,2.9403993776350115,3.2110654789429187,3.454338478183006
rubber,drought,0.0,12,2026-12,1.2742083530250576,1.5389845552714716,1.813770652264516,2.1534914310164783,2.554803715072669,2.989783240290317,3.271753046565908,3.55958015300591
rubber,drought,0.25,1,2026-01,1.794856768114762,1.88765007878602,1.990584678790759,2.082709576140324,2.1819094967675867,2.265388608749566,2.341154288775493,2.4023834773429655
rubber,drought,0.25,2,2026-02,1.6685518467227733,1.835419716227523,1.9597405703965805,2.099584838552047,2.2375066894801865,2.3734090691656995,2.465585622984741,2.5583809668732322
rubber,drought,0.25,3,2026-03,1.5991220181767505,1.7882814148225223,1.9395116950429911,2.1133832777443002,2.2891343699658617,2.461405411033247,2.5759737339785533,2.6875772066322856
rubber,drought,0.25,4,2026-04,1.5482222486567636,1.7482637698537282,1.924398212521767,2.1202475813748096,2.3361326857677316,2.55065502016234,2.6870011150187323,2.8178421858537157
rubber,drought,0.25,5,2026-05,1.501979319558651,1.7208881429388951,1.9091434295520642,2.129347815964322,2.377346911315078,2.6220353698948022,2.778920163145568,2.9308454778642585
rubber,drought,0.25,6,2026-06,1.4722340305809218,1.6864652337513832,1.9010959997349925,2.1415230614428133,2.4151811949124844,2.69127944092566,2.8629516603258978,3.035424670311986
rubber,drought,0.25,7,2026-07,1.4332784395103033,1.671093891111646,1.8895565611380516,2.156134586748779,2.4495942784914866,2.753973873897653,2.9632944127229703,3.1562386048881614
rubber,drought,0.25,8,2026-08,1.416869046542186,1.6509156191051297,1.8802396340677663,2.167737623006074,2.486316087934524,2.8282892445213776,3.0488907439870916,3.2773159725662775
rubber,drought,0.25,9,2026-09,1.3883740676201688,1.636424189137514,1.8828909157955747,2.181502639854772,2.5208384299941446,2.8819305287826884,3.1378937648955634,3.3706399462440273
rubber,drought,0.25,10,2026-10,1.3524340993304933,1.6222138990793036,1.8774127927761581,2.1926146396879505,2.5587380259772114,2.9459939097388497,3.2051459459329243,3.4472899790997054
rubber,drought,0.25,11,2026-11,1.3435086503034703,1.6014137798920267,1.8736951790651037,2.2058238238146983,2.5948682026731937,3.0162031189799183,3.2938470149678403,3.5433916124305562
rubber,drought,0.25,12,2026-12,1.3100855101381952,1.5823168647427477,1.8648399569853684,2.214126059748075,2.6267378646654604,3.0739648600320706,3.3638739291581152,3.659805219105196
rubber,drought,0.5,1,2026-01,1.7990147743787894,1.8920230521571084,1.9951961128118605,2.087534428806889,2.1869641582404515,2.2706366598436545,2.346577860377815,2.4079488938847438
rubber,drought,0.5,2,2026-02,1.6762916121946903,1.8439335170866544,1.9688310475252724,2.109323999052635,2.2478856160040674,2.3844183941683013,2.477022519303135,2.5702483048347755
rubber,drought,0.5,3,2026-03,1.6102614722709978,1.8007385497387955,1.9530222972650908,2.1281050661621865,2.30508043720773,2.4785515151277915,2.5939179188696833,2.706298819228277
rubber,drought,0.5,4,2026-04,1.5626187675164243,1.7645204231579918,1.94229269452143,2.139963216077059,2.3578557803030953,2.574372902484541,2.71198684446543,2.844044572628215
rubber,drought,0.5,5,2026-05,1.5194577121819457,1.7409139570305943,1.9313599527766978,2.154126837002984,2.4050118745916365,2.6525477498393237,2.8112581967308246,2.9649514521032194
rubber,drought,0.5,6,2026-06,1.492816580071484,1.710042839904193,1.9276742486329723,2.171462597876389,2.448946605465687,2.7289048395614515,2.9029771202824874,3.0778613870321645
rubber,drought,0.5,7,2026-07,1.4566831568096983,1.6983820153337457,1.920412071076346,2.1913431820022913,2.4895949231714534,2.798944884548254,3.011683522677317,3.2077783966274995
rubber,drought,0.5,8,2026-08,1.4433417570993,1.6817612441439767,1.91536993755782,2.2082395245739392,2.5327702936425367,2.881132859620978,3.10585606649365,3.338549180644107
rubber,drought,0.5,9,2026-09,1.4175908124708474,1.6708608651865435,1.9225142023085215,2.2274098686817765,2.573886592543859,2.9425774616954827,3.2039271514558845,3.441571210079659
rubber,drought,0.5,10,2026-10,1.3840935405072063,1.6601886776946695,1.921361581043719,2.243942060552867,2.61863611347748,3.014957359372738,3.280175945241783,3.5279883838252357
rubber,drought,0.5,11,2026-11,1.3781444154300986,1.642698360782784,1.9219991971496433,2.262690146078503,2.661764121491463,3.0939610871028584,3.378762665899973,3.6347405439108917
rubber,drought,0.5,12,2026-12,1.3469728398808445,1.626869257312118,1.9173471909622795,2.276467943102776,2.7006974230390175,3.1605167335791324,3.4585886068469534,3.762852265169206
rubber,drought,0.75,1,2026-01,1.8031824131752834,1.8964061560583831,1.9998182297865472,2.0923704588375576,2.19203052945776,2.2758968686930086,2.352013996350229,2.413527203397846
rubber,drought,0.75,2,2026-02,1.6840672794395597,1.8524868101689693,1.9779636918549073,2.1191083357449703,2.258312686346376,2.395478787163601,2.4885124669518808,2.5821706907786615
rubber,drought,0.75,3,2026-03,1.6214785235942915,1.813282460824097,1.9666270140897832,2.1429294062830717,2.321137584456005,2.4958170586630324,2.611987102617424,2.7251508462277436
rubber,drought,0.75,4,2026-04,1.577149155887039,1.7809282428830278,1.9603535726879326,2.1598621813748133,2.379780872284523,2.59831133126928,2.7372049097576525,2.870490608630527
rubber,drought,0.75,5,2026-05,1.5371394992226703,1.7611728096446873,1.9538350076006603,2.17919420918796,2.4329987724539524,2.6834151994905953,2.843972544983206,2.9994543143690557
rubber,drought,0.75,6,2026-06,1.513686883638322,1.7339500724855654,1.9546240744079646,2.201820703625418,2.4831840729197254,2.7670562596132924,2.9435621556824687,3.1208913897408257
rubber,drought,0.75,7,2026-07,1.4804700613915953,1.726115740923621,1.9517714360000553,2.2271267159388257,2.530248758295594,2.844650249223817,3.0608628025021027,3.2601598072889377
rubber,drought,0.75,8,2026-08,1.4703090824593492,1.7131831873017065,1.9511566138851129,2.249498161649461,2.580092447411712,2.9349638021879523,3.1638857262430795,3.4009264669258354
rubber,drought,0.75,9,2026-09,1.4474223903118397,1.7060222217097298,1.9629713155827089,2.274283162651253,2.6280510930216288,3.004500639970543,3.271350135136862,3.513995141263202
rubber,drought,0.75,10,2026-10,1.416494104830783,1.6990524166448622,1.9663391766133387,2.2964710168289573,2.679936369097253,3.0855351902752646,3.3569623390772088,3.6105758760846616
rubber,drought,0.75,11,2026-11,1.4136730934722002,1.6850472616142878,1.9715484968515884,2.321022486876018,2.7303846226796313,3.1737236621332574,3.4658674493997275,3.7284444584682648
rubber,drought,0.75,12,2026-12,1.3848987851069965,1.6726760861627934,1.9713328411483553,2.3405651512742827,2.776739418472013,3.2495055988146513,3.555970111640083,3.8688007480766524
rubber,drought,1.0,1,2026-01,1.807359706819189,1.9007994139584623,2.0044510544631944,2.097217692126067,2.1971086375465725,2.2811692634625618,2.3574627257996412,2.4191184357504247
rubber,drought,1.0,2,2026-02,1.6918790149917944,1.8610797786635886,1.9871386989827906,2.128938058183901,2.2687881238276306,2.406590485036229,2.5000557120155444,2.5941483800511516
rubber,drought,1.0,3,2026-03,1.6327737126874795,1.8259137525595979,1.980326501117632,2.1578570124802026,2.3373065854919357,2.513202873651882,2.6301821559614758,2.744134196094981
rubber,drought,1.0,4,2026-04,1.5918146585866189,1.7974886346863441,1.978582394296258,2.1799461820119364,2.4019098400341004,2.622472357321154,2.762657471326426,2.8971825594918976
rubber,drought,1.0,5,2026-05,1.5550270475626056,1.7816674126286254,1.976571602531952,2.2045532880345244,2.461311351224637,2.7146418507615295,2.877067587041237,3.0343586832105536
rubber,drought,1.0,6,2026-06,1.5348489642237073,1.7581915398336714,1.981950671885861,2.232603230492993,2.5179001968602095,2.8057410551170268,2.9847145896633447,3.1645229728653264
rubber,drought,1.0,7,2026-07,1.504645394182429,1.754302344327881,1.9836428836081161,2.2634945770184136,2.571566450135909,2.891101959556866,3.1108451552745837,3.313396580086914
rubber,drought,1.0,8,2026-08,1.4977802639806281,1.7451922164772913,1.9876119266869803,2.2915276730411,2.628298765940312,2.9898005193994286,3.2229996092593125,3.4644692073115295
rubber,drought,1.0,9,2026-09,1.4778817396004564,1.7419235087790852,2.0042798025489685,2.3221428514995717,2.683355423482781,3.0677269207323166,3.3401919584211,3.5879431512723445
rubber,drought,1.0,10,2026-10,1.4496531414235836,1.738825925807008,2.0123696630719943,2.3502296355352694,2.7426716165128346,3.157765193869197,3.435546243283017,3.6950966779629555
rubber,drought,1.0,11,2026-11,1.4501177037992545,1.7284879206434332,2.0223751816349607,2.3808586402873866,2.8007741661151186,3.2555425230044843,3.555217801487389,3.8245640677629393
rubber,drought,1.0,12,2026-12,1.4238925895198453,1.7197726717409534,2.026838534464727,2.406467107941295,2.854922484955807,3.341000072722249,3.656093531865711,3.977732361928223
rubber,drought,1.25,1,2026-01,1.811546677677147,1.905202849380332,2.0090946116475084,2.102076154626141,2.202198509696796,2.2864538723824963,2.3629240779003897,2.4247226208798263
rubber,drought,1.25,2,2026-02,1.6997269861582969,1.8697126066093759,1.996356265413528,2.1388133768963193,2.279312152804246,2.4177537257696295,2.5116525017201807,2.606181629182957
rubber,drought,1.25,3,2026-03,1.6441475838568058,1.8386330336372751,1.994121418516101,2.172888604103135,2.353588219486917,2.5307097979030377,2.6485039557070924,2.763249783622634
rubber,drought,1.25,4,2026-04,1.6066165320084151,1.8142030172962949,1.9969807210091002,2.200216938584262,2.4242445793399434,2.6468580505146653,2.788346709692067,2.9241227119110946
rubber,drought,1.25,5,2026-05,1.5731227516267123,1.8024005093873765,1.9995727810882982,2.2302074681057693,2.489953400821909,2.74623188364772,2.9105477530030677,3.069669230922117
rubber,drought,1.25,6,2026-06,1.5563069010126074,1.7827719147134962,2.009659308518753,2.2638161120932634,2.553101669138176,2.8449666829215006,3.026442354733894,3.208764546793162
rubber,drought,1.25,7,2026-07,1.5292154980198303,1.7829492208138542,2.016034775953659,2.300456307009922,2.613558839139265,2.938312202997264,3.1616436947727933,3.3675026826556596
rubber,drought,1.25,8,2026-08,1.525764715686509,1.7777993007565904,2.024748368733945,2.3343424617261093,2.677405768918576,3.0456618030986724,3.283217973115759,3.5291991770875053
rubber,drought,1.25,9,2026-09,1.5089820710690474,1.7785802973869522,2.0464575793932287,2.371009692779159,2.7398235703460863,3.1322837262827314,3.410482479165813,3.6634473126034117
rubber,drought,1.25,10,2026-10,1.4835884055375668,1.7795305022014383,2.0594776877848937,2.4052467021227137,2.806875447777525,3.2316860462454153,3.515969736193274,3.781596046750054
rubber,drought,1.25,11,2026-11,1.4875018592220062,1.773048483487667,2.0745121825937622,2.442237374727295,2.872978357854694,3.339470680937121,3.6468716131085572,3.9231616486068415
rubber,drought,1.25,12,2026-12,1.4639843202208378,1.7681953289904129,2.0839070698979762,2.4742246283768163,2.935306907405574,3.4350707042947786,3.7590360700712293,4.089731101038752
rubber,drought,1.5,1,2026-01,1.8157433481676124,1.9096164859014717,2.0137489262026627,2.1069458723516274,2.2073001731613235,2.2917507237483923,2.3683980818943966,2.4303397887927494
rubber,drought,1.5,2,2026-02,1.7076113610220398,1.87838547889888,2.0056165885632344,2.14873450338567,2.289884998673342,2.428968748451164,2.5233030844386315,2.618270695894737
rubber,drought,1.5,3,2026-03,1.6556006852001433,1.8514409169892416,2.0080124310513687,2.188024905512403,2.369983271040036,2.5483386750613573,2.66695338476734,2.7824985299757725
rubber,drought,1.5,4,2026-04,1.6215560442285557,1.8310728226336221,2.015550129010651,2.220676187687002,2.4467870036186135,2.671470499971544,2.814274825650988,2.951313373850304
rubber,drought,1.5,5,2026-05,1.591429033703651,1.8233748752506533,2.022841622204555,2.2561601834669966,2.51892875526691,2.7781895267869814,2.9444175245194852,3.105390684169202
rubber,drought,1.5,6,2026-06,1.5780648302189821,1.807695935217557,2.037755325400277,2.295465364995199,2.5887952751599963,2.884740704125947,3.068753494303236,3.2536246394931463
rubber,drought,1.5,7,2026-07,1.5541868193167838,1.8120638864098721,2.0489556116379424,2.3380216034945134,2.6562369427715846,2.986293366009812,3.2132717489161693,3.422492310713861
rubber,drought,1.5,8,2026-08,1.5542720274915052,1.8110156141713163,2.0625786662108307,2.377957199786248,2.7274302846898144,3.1025667962348096,3.3445614538773167,3.5951385583884443
rubber,drought,1.5,9,2026-09,1.540736873454721,1.816008486199403,2.0895229393270665,2.420904880861399,2.7974800247970752,3.198199055994703,3.482252183552683,3.7405403726817417
rubber,drought,1.5,10,2026-10,1.518318068061472,1.821187941395335,2.1076884750930933,2.461551675887449,2.8725822413087316,3.3073373288723174,3.598275881163456,3.870120299174213
rubber,drought,1.5,11,2026-11,1.5258497812914311,1.8187578213608033,2.127993279788347,2.5051984580633944,2.947043979683079,3.4255625137854415,3.740888267642239,4.024301083313309
rubber,drought,1.5,12,2026-12,1.505204890893631,1.8179813953541275,2.1425824515013154,2.543889958630482,3.017954668144431,3.5317900289328086,3.86487710255208,4.2048833247030455
rubber,drought,1.75,1,2026-01,1.8199497407609764,1.9140403471539817,2.018414023049429,2.11182687137664,2.2124136552561837,2.2970598459213796,2.373884767091328,2.4359699695654076
rubber,drought,1.75,2,2026-02,1.71553230844567,1.8870985812822951,2.0149198667637624,2.1587016501364804,2.300506887877566,2.440235793277222,2.535007709695844,2.630415839102615
rubber,drought,1.75,3,2026-03,1.6671335686334028,1.8643380198172843,2.0220002081203616,2.2032666461144204,2.3864925302158837,2.566090354648514,2.6855313322056378,2.8018813627362866
rubber,drought,1.75,4,2026-04,1.6366344751146813,1.8480994959341304,2.034292209141632,2.2413256820635175,2.4695390440790375,2.6963118142397207,2.840444040464238,2.9787568747328597
rubber,drought,1.75,5,2026-05,1.6099483442700284,1.8445933178444212,2.0463812406448563,2.282414908145408,2.5482412931969254,2.8105190580253847,2.978681435393826,3.141527824621029
rubber,drought,1.75,6,2026-06,1.6001269458830802,1.8329684056792146,2.0662441382951657,2.327557089882337,2.6249878951953383,2.9250707855374487,3.11165616423127,3.299111898159254
rubber,drought,1.75,7,2026-07,1.5795659097529615,1.8416539798772356,2.0824140280401173,2.376200322409984,2.699611958408476,3.0350580373240605,3.265742863262389,3.4783798917891606
rubber,drought,1.75,8,2026-08,1.5833119684876165,1.844852539528231,2.101115783077863,2.42238683343572,2.7783894560172615,3.1605349994228735,3.4070510731720933,3.662309947798921
rubber,drought,1.75,9,2026-09,1.5731599193496362,1.8542243084517605,2.1334945605217803,2.471850056128992,2.856349793410274,3.2655014984559383,3.5555321993102305,3.819255768064797
rubber,drought,1.75,10,2026-10,1.553860725250557,1.8638205491733315,2.1570278398200537,2.519174705745079,2.9398271802961506,3.384759549790006,3.682508749629043,3.960716836202645
rubber,drought,1.75,11,2026-11,1.5651863159921116,1.8656455497789577,2.1828531241318454,2.5697826833822823,3.023019019423307,3.513873801269339,3.8373286793759105,4.1280479010870454
rubber,drought,1.75,12,2026-12,1.5475860856408235,1.8691692595641172,2.202909922324961,2.6155168158141153,3.102929494696377,3.6312326243747672,3.973698240556739,4.323277823785267
rubber,drought,2.0,1,2026-01,1.8241658779796845,1.9184744568247087,2.0230899271663105,2.1167191778356944,2.217538983360686,2.302381267328292,2.3793841628687487,2.4416131933436898
rubber,drought,2.0,2,2026-02,1.7234899980751202,1.895852100371438,2.0242662992669462,2.1687150306189107,2.311178047909946,2.4515551015583754,2.5467666281742143,2.6426173189237288
rubber,drought,2.0,3,2026-03,1.678746789917132,1.8773249636226061,2.036085423783014,2.2186145603966345,2.403116792582625,2.5839656921039316,2.7042386932786076,2.821399215947584
rubber,drought,2.0,4,2026-04,1.6518531164355907,1.865284495872497,2.053208567035582,2.2621671907554797,2.492502649887956,2.7213841214739727,2.8668565960478,3.0064555656427987
rubber,drought,2.0,5,2026-05,1.6286831623184173,1.8660586774667254,2.070194787419552,2.308975156595133,2.5778949383845804,2.8432248049899,3.0133440721888722,3.178085489590655
rubber,drought,2.0,6,2026-06,1.622497500679878,1.8585941975987526,2.095131238683182,2.360097472728744,2.661686505703387,2.965964701148791,3.155158634400793,3.3452350908774466
rubber,drought,2.0,7,2026-07,1.6053594279936745,1.871727264714381,2.1164188035833997,2.415002480636643,2.743695266273069,3.084619011237194,3.3190708045612816,3.535180089003487
rubber,drought,2.0,8,2026-08,1.612894490292068,1.8793216723098916,2.1403729255132546,2.46764658814305,2.830300745958687,3.219586277626416,3.4707082453952456,3.730736364096973
rubber,drought,2.0,9,2026-09,1.6062652711744057,1.8932443389892233,2.178391514209429,2.5238673143617447,2.9164584089949805,3.3342202438682853,3.6303543092144315,3.8996276389441658
rubber,drought,2.0,10,2026-10,1.590235408684099,1.9074511534813068,2.207522201094383,2.5781466463741136,3.008646271540864,3.4639941653006185,3.7687134447038906,4.053434168422714
rubber,drought,2.0,11,2026-11,1.6055369498401852,1.913742047748723,2.239127259840819,2.6360318954197335,3.100952702028495,3.604461761114545,3.936255332972458,4.234469320481126
rubber,drought,2.0,12,2026-12,1.591160583491843,1.9217983912420118,2.2649359993018616,2.6891604295215914,3.1902969089249207,3.7334751682018856,4.0855833932150105,4.445005889183247
rubber,flood,0.0,1,2026-01,1.790708372119832,1.8832872125307416,1.9859839030320678,2.0778958750039718,2.176866517974801,2.2601526873109057,2.3357432525036286,2.396830923973393
rubber,flood,0.0,2,2026-02,1.6608478172583174,1.8269452252482747,1.950692065774636,2.089890645655914,2.2271756844853288,2.3624505763649073,2.4542015330483564,2.5465684227267578
rubber,flood,0.0,3,2026-03,1.5880596245100516,1.7759104557757803,1.9260945563582301,2.0987633315980503,2.2732986143020093,2.4443779201221796,2.5581536832279306,2.668985106260038
rubber,flood,0.0,4,2026-04,1.533958365958645,1.7321568902631532,1.9066685936691152,2.100713588230131,2.314609727661464,2.5271556523922873,2.662245580890739,2.791881203549205
rubber,flood,0.0,5,2026-05,1.484701981697358,1.701092686716645,1.8871824640257673,2.104853829155348,2.350000179395785,2.5918739752737068,2.746954115462346,2.8971318262307704
rubber,flood,0.0,6,2026-06,1.4519352676915982,1.6632127092274807,1.8748842045129823,2.111996323204673,2.3818813326678,2.654172811065525,2.8234780605384917,2.993573059514242
rubber,flood,0.0,7,2026-07,1.410249768840749,1.6442442087223246,1.8591968106817411,2.1214916925638665,2.410236329360069,2.709725418310605,2.915682776877222,3.105526909670493
rubber,flood,0.0,8,2026-08,1.390881878927895,1.6206357417830595,1.8457536647082133,2.1279785774610094,2.4407139110241403,2.776414848056548,2.9929702374342693,3.2172058588532826
rubber,flood,0.0,9,2026-09,1.3597594839659093,1.6026972577967453,1.8440842707577345,2.1365415654325792,2.4688835974917027,2.822533537636799,3.07322133566495,3.301170585673562
rubber,flood,0.0,10,2026-10,1.3214988290181675,1.5851077469220387,1.834469279106176,2.142461270586204,2.5002100337214586,2.8786079143832524,3.1318321657812898,3.368437451349027
rubber,flood,0.0,11,2026-11,1.309743357249635,1.5611667702681655,1.8266051459637898,2.1503866758518537,2.5296535237207736,2.9403993776350115,3.2110654789429187,3.454338478183006
rubber,flood,0.0,12,2026-12,1.2742083530250576,1.5389845552714716,1.813770652264516,2.1534914310164783,2.554803715072669,2.989783240290317,3.271753046565908,3.55958015300591
rubber,flood,0.25,1,2026-01,1.7826187351288365,1.8747793448419778,1.9770120966253826,2.0685088505193705,2.167032387424877,2.2499423062855888,2.3251913863756153,2.386003090471512
rubber,flood,0.25,2,2026-02,1.6458757448205044,1.8104758317444876,1.9331071295696698,2.0710508736980464,2.2070983268049025,2.3411537538670593,2.4320776016754935,2.5236118300174684
rubber,flood,0.25,3,2026-03,1.5666342314027228,1.7519506629247086,1.9001085465164445,2.070447751550098,2.2426282819605565,2.4113994619879957,2.5236402131754265,2.6329763480140307
rubber,flood,0.25,4,2026-04,1.5064266232809942,1.701067847145453,1.8724473851556427,2.063009627526835,2.2730667230823673,2.481797837817865,2.6144631495651076,2.741772050270687
rubber,flood,0.25,5,2026-05,1.4514674494533837,1.6630143245647737,1.8449385475872477,2.0577374156822934,2.2973962509992005,2.5338557869332603,2.685464512667662,2.832280548142063
rubber,flood,0.25,6,2026-06,1.4130218240842833,1.618636800502299,1.824635269601059,2.055392525741618,2.3180443235527544,2.5830380943149125,2.747805779046262,2.913342047135164
rubber,flood,0.25,7,2026-07,1.3662533972654454,1.5929477782843644,1.8011943805295183,2.0553062984143704,2.3350428030260844,2.625188558950551,2.824720547574641,3.0086420039794377
rubber,flood,0.25,8,2026-08,1.3414023694196722,1.5629829225107785,1.7800924555240356,2.0522774429132387,2.3538874673145873,2.6776461122246635,2.8864977169675377,3.1027563356444947
rubber,flood,0.25,9,2026-09,1.3054628554301668,1.5386998680465853,1.7704480433082275,2.0512272101385705,2.3702984747757245,2.7098268002836936,2.9505043704675216,3.169351366806521
rubber,flood,0.25,10,2026-10,1.2629984217172072,1.5149378407710494,1.7532605805797126,2.047618313329143,2.389530173778394,2.7511770519765824,2.9931915152764557,3.2193227048621664
rubber,flood,0.25,11,2026-11,1.246108424674765,1.4853162293096995,1.7378580684077694,2.045908412709459,2.406748276270015,2.7975377130934063,3.0550532845576646,3.286506669811362
rubber,flood,0.25,12,2026-12,1.2068232765157063,1.4575970869210433,1.7178514300406942,2.0396064572625634,2.4196957922609577,2.831671914214763,3.0987300642262117,3.371335757666622
rubber,flood,0.5,1,2026-01,1.774565643578553,1.8663099119772424,1.9680808209148806,2.059164232504571,2.1572426831743488,2.239778051294706,2.3146871889623304,2.37522417238422
rubber,flood,0.5,2,2026-02,1.631038641373079,1.7941549051562011,1.9156807165815444,2.0523809369457497,2.1872019608146402,2.3200489161891444,2.4101531112746946,2.500862184486238
rubber,flood,0.5,3,2026-03,1.5454979001559934,1.7283141249267175,1.8744731283448692,2.0425141926959514,2.2123717400820095,2.378865934521838,2.489592383488031,2.5974534038954156
rubber,flood,0.5,4,2026-04,1.4793890249502106,1.670536795401056,1.8388403846466501,2.025982383849925,2.2322693393346507,2.437254112926056,2.5675383253512227,2.6925622645007494
rubber,flood,0.5,5,2026-05,1.4189768605374928,1.6257883331717042,1.8036402463767645,2.011675686571552,2.245969843058579,2.477136315355442,2.625351333028562,2.768880943129348
rubber,flood,0.5,6,2026-06,1.3751513030693698,1.5752555745904773,1.7757330607715813,2.0003057715859005,2.2559182156807154,2.51380986530545,2.6741615969631507,2.835261313108878
rubber,flood,0.5,7,2026-07,1.3236296057497599,1.5432516720328713,1.745001485486346,1.9911857279990794,2.262195132297073,2.5432890445193115,2.7365961191553776,2.9147796723068318
rubber,flood,0.5,8,2026-08,1.2936830538562158,1.5073810561357759,1.7167670912979174,1.9792693156318564,2.2701498048395727,2.5823909951103348,2.783812871190234,2.992378262612473
rubber,flood,0.5,9,2026-09,1.253334348466741,1.4772579614826038,1.6997521879875752,1.9693195469197318,2.275649959857213,2.6016205616759165,2.8326876229578013,3.0427958282043317
rubber,flood,0.5,10,2026-10,1.2070877236004165,1.447874231803201,1.6756468469793313,1.9569738854293028,2.2837499147615707,2.629387327639662,2.8606882402614127,3.0768090035011206
rubber,flood,0.5,11,2026-11,1.1855652463900728,1.41315094778236,1.653422838867801,1.946506309865038,2.2898144789444554,2.6616170972239077,2.9066210678952307,3.126829104597764
rubber,flood,0.5,12,2026-12,1.1430017840351294,1.380513703352885,1.6270047880687009,1.9317441623362153,2.2917329000826374,2.6819221278978382,2.934857207825619,3.1930464555836915
rubber,flood,0.75,1,2026-01,1.7665489323726693,1.8578787403048167,1.9591898928006088,2.0498618293856956,2.1474972045246328,2.229659713961015,2.3042304449173767,2.364493948733074
rubber,flood,0.75,2,2026-02,1.6163352902088393,1.7779811070962441,1.8984113977683807,2.033879304382771,2.1674849549257433,2.299134332642414,2.388426263942111,2.4783176205629007
rubber,flood,0.75,3,2026-03,1.5246467308759928,1.7049964805713125,1.849183571816849,2.014957500975821,2.182523405989751,2.3467713349173125,2.456003911953344,2.5624097195163746
rubber,flood,0.75,4,2026-04,1.4528367019804698,1.6405537201069709,1.8058365682335982,1.9896197113684262,2.192204193890261,2.393509866298351,2.5214557157724418,2.6442357042401263
rubber,flood,0.75,5,2026-05,1.387213562039654,1.5893956325174623,1.7632663931296575,1.9666450330842113,2.1956945971922073,2.421686489221795,2.566583765796282,2.706900516000831
rubber,flood,0.75,6,2026-06,1.3382957531875952,1.5330370126938493,1.7281414843014813,1.9466954023276701,2.195457155038408,2.446437028093087,2.6024911590202002,2.759273227637909
rubber,flood,0.75,7,2026-07,1.2823355731256596,1.4951059637355528,1.6905616724466859,1.9290655638266703,2.1916201321691173,2.4639445962532065,2.651220959116269,2.823845617675949
rubber,flood,0.75,8,2026-08,1.247661314746893,1.4537571816504207,1.6556944762152082,1.9088583940389836,2.1893910426791,2.490524502540167,2.684780956607134,2.885926801176179
rubber,flood,0.75,9,2026-09,1.2032873876973968,1.418269494969286,1.6318792926393486,1.8906825429729677,2.18478085984008,2.4977351121578395,2.719575422281736,2.9212937855693717
rubber,flood,0.75,10,2026-10,1.153652092839337,1.3837794097563414,1.6014689355893594,1.8703421254450616,2.1826523600355126,2.5129890182040127,2.734050650017993,2.9406041307160202
rubber,flood,0.75,11,2026-11,1.1279636070310715,1.3444918743978755,1.5730899627461405,1.8519337379949812,2.178562004045422,2.5323002936039742,2.7654005496521625,2.9749096020915218
rubber,flood,0.75,12,2026-12,1.082555419447518,1.3075067878811786,1.540962468643618,1.829586043637272,2.1705371816238452,2.540091690707976,2.7796505832387988,3.024185782840018
rubber,flood,1.0,1,2026-01,1.7585684371607058,1.8494856569773723,1.9503391300097799,2.0406014504543135,2.1377957516838126,2.219587086848629,2.2938209398671963,2.3538121995379147
rubber,flood,1.0,2,2026-02,1.6017644855888538,1.7619531112426252,1.881297756970708,2.0155444587945364,2.1479456922577236,2.2784082881397882,2.3668952779814907,2.455976289494875
rubber,flood,1.0,3,2026-03,1.5040768762844816,1.6819934274875072,1.8242352107211417,1.9877725918661984,2.153077772326152,2.315109741355215,2.4228686011157725,2.527838828917972
rubber,flood,1.0,4,2026-04,1.4267609445679952,1.6111087860897293,1.7734251098669116,1.953909682246779,2.152858144413009,2.3505507487644395,2.4762002046188814,2.5967765172088675
rubber,flood,1.0,5,2026-05,1.3561612738193751,1.5538175696816166,1.7237962944030507,1.922622374954688,2.1465447450414885,2.3674778879651126,2.509131689909847,2.6463074989581705
rubber,flood,1.0,6,2026-06,1.3024279721091927,1.4919499541528483,1.681825413818709,1.894521849246661,2.1366165165499647,2.38086985616062,2.532741566728749,2.6853217054660066
rubber,flood,1.0,7,2026-07,1.2423298141416725,1.4484622847374462,1.6378202495049385,1.8688833980752748,2.1232469008328763,2.3870755022863777,2.5685092969534757,2.735748484946978
rubber,flood,1.0,8,2026-08,1.2032767621681757,1.4020409335765267,1.5967944705283492,1.8409522846211912,2.111505208838947,2.401926086908435,2.589272023115001,2.7832622652711616
rubber,flood,1.0,9,2026-09,1.1552388547899497,1.3616365000610096,1.5667166334982046,1.8151855974283027,2.0975402587061582,2.397997918069686,2.610979910928591,2.804643447484427
rubber,flood,1.0,10,2026-10,1.1025819625957491,1.3225219517035234,1.5305747486596446,1.7875453996908868,2.0860302145937744,2.4017434553025305,2.613019081093834,2.810428805864931
rubber,flood,1.0,11,2026-11,1.0731605895673622,1.2791686572185712,1.4966601239082746,1.7619560504593799,2.072714819961418,2.4092664507134094,2.6310413436706486,2.8303712305872297
rubber,flood,1.0,12,2026-12,1.0253056929079765,1.2383607610726908,1.4594704005677253,1.7328304422175766,2.055750762508887,2.4057617967681275,2.6326518865373294,2.8642551169709956
rubber,flood,1.25,1,2026-01,1.750623994334646,1.8411304899284306,1.9415283510930346,2.031382905863531,2.1281381257625456,2.2095599634587657,2.283458460406678,2.3431787058123574
rubber,flood,1.25,2,2026-02,1.5873250326435855,1.7460696032297707,1.86433839079533,1.997374896643731,2.128582570505811,2.2578690830552097,2.345558387758065,2.43383635919556
rubber,flood,1.25,3,2026-03,1.4837845410089845,1.6593007213499897,1.799623441800948,1.9609544494416993,2.1240294060363967,2.283875311910889,2.3901803371330366,2.493734353377108
rubber,flood,1.25,4,2026-04,1.401153199234034,1.5821923346992093,1.7415953778047724,1.9188405827322232,2.1142182844475648,2.3083626686953305,2.431756946988934,2.550169135646408
rubber,flood,1.25,5,2026-05,1.3258040801613915,1.519035909282807,1.6852097199695162,1.8795851485610329,2.0984950950634795,2.3144827272026003,2.4529656585576474,2.5870708353140293
rubber,flood,1.25,6,2026-06,1.2675214865564042,1.4519640734474597,1.6367506643761707,1.8437466041073267,2.0793528711400615,2.317059955715567,2.464861339337141,2.613352164482761
rubber,flood,1.25,7,2026-07,1.2035721377855295,1.4032737753682816,1.586724231010279,1.810578769895668,2.057006748443456,2.312604537569803,2.4883780379948024,2.650399769038843
rubber,flood,1.25,8,2026-08,1.1604711545197277,1.3521644496314704,1.5399897853971538,1.7754618806903335,2.036390101193761,2.3164794889939944,2.497160743481502,2.684249938052899
rubber,flood,1.25,9,2026-09,1.1091089504147735,1.3072649202953817,1.50415598797749,1.742703324446072,2.013783266672861,2.3022433352024576,2.5067207327359204,2.6926510802761365
rubber,flood,1.25,10,2026-10,1.0537726163608636,1.263976252577479,1.462818921537437,1.7084139380091772,1.9936853600118651,2.295422535993049,2.497345364876663,2.68601611156417
rubber,flood,1.25,11,2026-11,1.0210202207072123,1.2170192209924358,1.4239436901541105,1.676350001113717,1.9720103062984111,2.2922103058607335,2.503210087585671,2.6928553719090162
rubber,flood,1.25,12,2026-12,0.9710835538064299,1.172871444170198,1.3822879489130109,1.6411916520233731,1.9470346941461685,2.278535788279305,2.4934270506808986,2.712782204600599
rubber,flood,1.5,1,2026-01,1.7427154410255838,1.8328130678688335,1.9327573754207221,2.0222060066240997,2.118524128769983,2.199578138225515,2.2731427940947815,2.332593249559303
rubber,flood,1.5,2,2026-02,1.5730157472749084,1.730329280540739,1.8475319085002444,1.9793691279470025,2.1093940018095596,2.2375150330842706,2.3244138435537645,2.4118960140940966
rubber,flood,1.5,3,2026-03,1.4637659808825012,1.636914175095994,1.775343723904559,1.9344981254495721,2.0953729473660268,2.2530622834763236,2.357933088648092,2.4600900002295747
rubber,flood,1.5,4,2026-04,1.3760050660191077,1.5537948806403652,1.710336931125653,1.8844009093124026,2.076271939185829,2.2669317873809622,2.388111364419782,2.5043982712049693
rubber,flood,1.5,5,2026-05,1.296126421618131,1.485032824132278,1.6474868924481596,1.8375112953600474,2.051521019619075,2.26267384449511,2.398056884084608,2.5291601635741063
rubber,flood,1.5,6,2026-06,1.233550532764097,1.4130498578145725,1.5928839672205193,1.794332190736697,2.0236239536798077,2.254960229971694,2.3988003758338285,2.5433114854376573
rubber,flood,1.5,7,2026-07,1.166023606907043,1.3594950378658228,1.5372222843356471,1.7540931046704449,1.9928331281124851,2.2404568862886456,2.4107466799202397,2.56771372601429
rubber,flood,1.5,8,2026-08,1.119188322099525,1.3040622816790117,1.4852058814700582,1.7123012454573696,1.963947153376989,2.234072585404432,2.408326248890277,2.5887598951207775
rubber,flood,1.5,9,2026-09,1.0648210617135334,1.255064454983632,1.4440934549324371,1.6731153449752671,1.9333707795592416,2.2103123336949073,2.4066247333528277,2.5851306862607903
rubber,flood,1.5,10,2026-10,1.0071239732398471,1.2080222676243013,1.3980625246051204,1.632785485665841,1.9054284482162565,2.1938082550457363,2.386792318738139,2.5671109463888127
rubber,flood,1.5,11,2026-11,0.9714131335304391,1.157889365023704,1.354760242716249,1.594903190406646,1.8761986022850654,2.1808414277874175,2.381589615710365,2.5620208316330118
rubber,flood,1.5,12,2026-12,0.9197288915842992,1.110845456180549,1.3091872044591515,1.5543990762444189,1.8440679528593762,2.158037984244365,2.3615649637767215,2.5693197669417684
rubber,flood,1.75,1,2026-01,1.7348426151003826,1.8245332202832325,1.924026023179199,2.0130705646005422,2.108953563609713,2.189641406511624,2.262873729450182,2.322055613766467
rubber,flood,1.75,2,2026-02,1.5588354560590052,1.714730852400411,1.8308769318805926,1.9615256761527768,2.0903784126226377,2.2173444691060884,2.3034599114237326,2.3901534549864834
rubber,flood,1.75,3,2026-03,1.4440175022526651,1.6148296581527393,1.7513915771474626,1.9083987383966865,2.0671031088720024,2.222664970696793,2.3261209056762784,2.4268995617089875
rubber,flood,1.75,4,2026-04,1.3513082957276228,1.525907108861822,1.6796395163034414,1.850579364941935,2.039006661309289,2.2262445144907654,2.345249140105311,2.4594489099346073
rubber,flood,1.75,5,2026-05,1.2671130870347904,1.4517908860966322,1.6106084771678102,1.7963792505812735,2.0055984423502187,2.2120246854251535,2.3443772232371964,2.472545801875482
rubber,flood,1.75,6,2026-06,1.2004900374640513,1.3751785854652112,1.5501929452371637,1.7462421373639778,1.969388631791713,2.194524844387838,2.3345099179688416,2.475147972733842
rubber,flood,1.75,7,2026-07,1.1296464991006518,1.3170820907678815,1.4892646783074162,1.6993696551681645,1.930661569053068,2.1705600666999914,2.3355372318868697,2.4876072869388937
rubber,flood,1.75,8,2026-08,1.0793740933977318,1.2576713098479695,1.4323708710732657,1.6513874992657414,1.8940813054416727,2.1545972414472705,2.3226519703363566,2.496666834030739
rubber,flood,1.75,9,2026-09,1.0223016350600294,1.2049484092386122,1.3864292821004356,1.6063060868271917,1.8561692477608294,2.122052233915665,2.3105256726640446,2.481903694838114
rubber,flood,1.75,10,2026-10,0.9625403827414231,1.1545452662582412,1.3361727784126294,1.5605049706558387,1.821078513236514,2.096692257935291,2.2811332597038416,2.4534695018011727
rubber,flood,1.75,11,2026-11,0.9242162465125418,1.1016323805812178,1.288938128617959,1.5174135383895542,1.785041986836227,2.0748834960708114,2.2658781721074073,2.4375429925403687
rubber,flood,1.75,12,2026-12,0.8710900629499289,1.0520996428470528,1.2399523107087658,1.472196428278623,1.7465464919484786,2.043912571133427,2.236676255122362,2.4334441790433465
rubber,flood,2.0,1,2026-01,1.7270053551583535,1.8162907774265933,1.9153341153671397,2.003976392507295,2.0994262340757186,2.179749564604299,2.252651055946935,2.3115655824019314
rubber,flood,2.0,2,2026-02,1.5447829961501411,1.6992730396696378,1.8143720951556432,1.943843078020174,2.0715342435837836,2.1973557370464323,2.282694873054133,2.3686068988880318
rubber,flood,2.0,3,2026-03,1.4245354613002217,1.5930430956752946,1.7277625820857527,1.8826514726488441,2.0392146744471127,2.192677764921846,2.2947379185074777,2.394156913801381
rubber,flood,2.0,4,2026-04,1.3270547872219358,1.4985198715003127,1.6494930638440355,1.817364855336708,2.002410226905999,2.1862875036157097,2.3031562141998485,2.4153063073582777
rubber,flood,2.0,5,2026-05,1.2387492057529215,1.4192930571651146,1.5745555722571178,1.7561679321740629,1.9607038258396712,2.1625092899865463,2.2918991627387246,2.4171987327733113
rubber,flood,2.0,6,2026-06,1.1683155993788934,1.3383223043855685,1.5086460890533817,1.6994409497014824,1.916606875490721,2.1357091928383665,2.271942514266314,2.4088113162726557
rubber,flood,2.0,7,2026-07,1.0944042688083342,1.2759923247271927,1.44280323324393,1.6463534445333394,1.8704296118104569,2.102843858315466,2.2626741361768676,2.409999974427463
rubber,flood,2.0,8,2026-08,1.040976224012613,1.2129306597060554,1.3814154238794318,1.59264071083633,1.8267008791223749,2.0779491692351604,2.2400254856638164,2.4078499098728745
rubber,flood,2.0,9,2026-09,0.981480053901837,1.15683354999134,1.3310677004317977,1.5421645927323842,1.7820504544495377,2.0373164528918717,2.218263948697219,2.3827986659200073
rubber,flood,2.0,10,2026-10,0.919930428651769,1.103435596812916,1.2770227814204487,1.4914241857365165,1.740462600144472,2.003875413621387,2.180151539652232,2.344858762234728
rubber,flood,2.0,11,2026-11,0.8793124581437073,1.0481086868953124,1.2263140347802,1.4436887833303769,1.6983142887365266,1.9740736155378495,2.1557886618939635,2.3191130092004424
rubber,flood,2.0,12,2026-12,0.8250234440966915,0.9964605358200125,1.1743788264927084,1.3943409749527744,1.6541823438814216,1.9358225522151924,2.1183921454473205,2.304754218883552
